seed,method,estimate,bias,alpha,beta,propensity_spec,outcome_spec,setting,n,truth,truth_key
1,IPW,1.0543800486155381,0.054380048615538135,"[-1.0, 1.0, 0.0, 0.0, -1.0]",,true,,A,1000,1.0,mu_true
1,IPW.fal,0.4685722541400841,-0.5314277458599159,"[1.0, -1.0]",,false,,A,1000,1.0,mu_true
1,OR,1.01250453783496,0.012504537834959972,,"[0.0, 1.0, 2.5, 3.0]",,true,A,1000,1.0,mu_true
1,OR.fal,0.7163289986995283,-0.28367100130047174,,"[0.0, 0.0, 0.0]",,false,A,1000,1.0,mu_true
1,DR,1.048921469376799,0.048921469376798976,"[-1.0, 1.0, 0.0, 0.0, -1.0]","[0.0, 1.0, 2.5, 3.0]",true,true,A,1000,1.0,mu_true
1,DR.ofal,1.0527898946532341,0.05278989465323414,"[-1.0, 1.0, 0.0, 0.0, -1.0]","[0.0, 0.0, 0.0]",true,false,A,1000,1.0,mu_true
1,DR.pfal,1.0036257749892543,0.0036257749892543156,"[1.0, -1.0]","[0.0, 1.0, 2.5, 3.0]",false,true,A,1000,1.0,mu_true
1,DR.o&pfal,0.5668873846707263,-0.4331126153292737,"[1.0, -1.0]","[0.0, 0.0, 0.0]",false,false,A,1000,1.0,mu_true
2,IPW,0.9656961950133336,-0.03430380498666641,"[-1.0, 1.0, 0.0, 0.0, -1.0]",,true,,A,1000,1.0,mu_true
2,IPW.fal,0.4166378478773113,-0.5833621521226887,"[1.0, -1.0]",,false,,A,1000,1.0,mu_true
2,OR,0.9305125949547363,-0.06948740504526374,,"[0.0, 1.0, 2.5, 3.0]",,true,A,1000,1.0,mu_true
2,OR.fal,0.5813188168657454,-0.4186811831342546,,"[0.0, 0.0, 0.0]",,false,A,1000,1.0,mu_true
2,DR,0.9054604307081906,-0.0945395692918094,"[-1.0, 1.0, 0.0, 0.0, -1.0]","[0.0, 1.0, 2.5, 3.0]",true,true,A,1000,1.0,mu_true
2,DR.ofal,0.9587251615560473,-0.041274838443952744,"[-1.0, 1.0, 0.0, 0.0, -1.0]","[0.0, 0.0, 0.0]",true,false,A,1000,1.0,mu_true
2,DR.pfal,0.9253714240090435,-0.07462857599095651,"[1.0, -1.0]","[0.0, 1.0, 2.5, 3.0]",false,true,A,1000,1.0,mu_true
2,DR.o&pfal,0.4905241243879554,-0.5094758756120445,"[1.0, -1.0]","[0.0, 0.0, 0.0]",false,false,A,1000,1.0,mu_true
3,IPW,0.5281999438112034,-0.4718000561887966,"[-1.0, 1.0, 0.0, 0.0, -1.0]",,true,,A,1000,1.0,mu_true
3,IPW.fal,0.11493566993840904,-0.885064330061591,"[1.0, -1.0]",,false,,A,1000,1.0,mu_true
3,OR,0.6970916874583198,-0.30290831254168016,,"[0.0, 1.0, 2.5, 3.0]",,true,A,1000,1.0,mu_true
3,OR.fal,0.33252917437936663,-0.6674708256206334,,"[0.0, 0.0, 0.0]",,false,A,1000,1.0,mu_true
3,DR,0.7080111929853412,-0.2919888070146588,"[-1.0, 1.0, 0.0, 0.0, -1.0]","[0.0, 1.0, 2.5, 3.0]",true,true,A,1000,1.0,mu_true
3,DR.ofal,0.5196097831240575,-0.4803902168759425,"[-1.0, 1.0, 0.0, 0.0, -1.0]","[0.0, 0.0, 0.0]",true,false,A,1000,1.0,mu_true
3,DR.pfal,0.7038906316039073,-0.2961093683960927,"[1.0, -1.0]","[0.0, 1.0, 2.5, 3.0]",false,true,A,1000,1.0,mu_true
3,DR.o&pfal,0.21492789080497243,-0.7850721091950276,"[1.0, -1.0]","[0.0, 0.0, 0.0]",false,false,A,1000,1.0,mu_true
4,IPW,1.2186881839968242,0.21868818399682421,"[-1.0, 1.0, 0.0, 0.0, -1.0]",,true,,A,1000,1.0,mu_true
4,IPW.fal,0.7741947864116948,-0.2258052135883052,"[1.0, -1.0]",,false,,A,1000,1.0,mu_true
4,OR,1.0665056983233279,0.06650569832332787,,"[0.0, 1.0, 2.5, 3.0]",,true,A,1000,1.0,mu_true
4,OR.fal,0.9711546461576622,-0.028845353842337773,,"[0.0, 0.0, 0.0]",,false,A,1000,1.0,mu_true
4,DR,1.0646986186397736,0.06469861863977355,"[-1.0, 1.0, 0.0, 0.0, -1.0]","[0.0, 1.0, 2.5, 3.0]",true,true,A,1000,1.0,mu_true
4,DR.ofal,1.2215085192787967,0.22150851927879667,"[-1.0, 1.0, 0.0, 0.0, -1.0]","[0.0, 0.0, 0.0]",true,false,A,1000,1.0,mu_true
4,DR.pfal,1.0849452437249962,0.08494524372499623,"[1.0, -1.0]","[0.0, 1.0, 2.5, 3.0]",false,true,A,1000,1.0,mu_true
4,DR.o&pfal,0.964838830015362,-0.03516116998463803,"[1.0, -1.0]","[0.0, 0.0, 0.0]",false,false,A,1000,1.0,mu_true
5,IPW,0.9473121731608267,-0.05268782683917328,"[-1.0, 1.0, 0.0, 0.0, -1.0]",,true,,A,1000,1.0,mu_true
5,IPW.fal,0.5486273180009493,-0.4513726819990507,"[1.0, -1.0]",,false,,A,1000,1.0,mu_true
5,OR,1.0600045530897162,0.060004553089716195,,"[0.0, 1.0, 2.5, 3.0]",,true,A,1000,1.0,mu_true
5,OR.fal,0.7131456194919108,-0.2868543805080892,,"[0.0, 0.0, 0.0]",,false,A,1000,1.0,mu_true
5,DR,1.054716840205374,0.05471684020537393,"[-1.0, 1.0, 0.0, 0.0, -1.0]","[0.0, 1.0, 2.5, 3.0]",true,true,A,1000,1.0,mu_true
5,DR.ofal,0.9705939661068367,-0.02940603389316332,"[-1.0, 1.0, 0.0, 0.0, -1.0]","[0.0, 0.0, 0.0]",true,false,A,1000,1.0,mu_true
5,DR.pfal,1.0532065085605227,0.05320650856052267,"[1.0, -1.0]","[0.0, 1.0, 2.5, 3.0]",false,true,A,1000,1.0,mu_true
5,DR.o&pfal,0.6408617340097063,-0.35913826599029375,"[1.0, -1.0]","[0.0, 0.0, 0.0]",false,false,A,1000,1.0,mu_true
6,IPW,1.0278401345339911,0.027840134533991145,"[-1.0, 1.0, 0.0, 0.0, -1.0]",,true,,A,1000,1.0,mu_true
6,IPW.fal,0.6765524730389719,-0.3234475269610281,"[1.0, -1.0]",,false,,A,1000,1.0,mu_true
6,OR,0.9757771529092829,-0.024222847090717092,,"[0.0, 1.0, 2.5, 3.0]",,true,A,1000,1.0,mu_true
6,OR.fal,0.8508759583930113,-0.14912404160698867,,"[0.0, 0.0, 0.0]",,false,A,1000,1.0,mu_true
6,DR,0.9437125274611408,-0.05628747253885924,"[-1.0, 1.0, 0.0, 0.0, -1.0]","[0.0, 1.0, 2.5, 3.0]",true,true,A,1000,1.0,mu_true
6,DR.ofal,1.0261274971801477,0.02612749718014773,"[-1.0, 1.0, 0.0, 0.0, -1.0]","[0.0, 0.0, 0.0]",true,false,A,1000,1.0,mu_true
6,DR.pfal,0.9923755687880391,-0.00762443121196088,"[1.0, -1.0]","[0.0, 1.0, 2.5, 3.0]",false,true,A,1000,1.0,mu_true
6,DR.o&pfal,0.828459563159122,-0.17154043684087805,"[1.0, -1.0]","[0.0, 0.0, 0.0]",false,false,A,1000,1.0,mu_true
7,IPW,0.8493434201462219,-0.15065657985377812,"[-1.0, 1.0, 0.0, 0.0, -1.0]",,true,,A,1000,1.0,mu_true
7,IPW.fal,0.30228692722502465,-0.6977130727749754,"[1.0, -1.0]",,false,,A,1000,1.0,mu_true
7,OR,1.0326075778409343,0.032607577840934265,,"[0.0, 1.0, 2.5, 3.0]",,true,A,1000,1.0,mu_true
7,OR.fal,0.47064903082000636,-0.5293509691799936,,"[0.0, 0.0, 0.0]",,false,A,1000,1.0,mu_true
7,DR,1.0400338629808448,0.04003386298084477,"[-1.0, 1.0, 0.0, 0.0, -1.0]","[0.0, 1.0, 2.5, 3.0]",true,true,A,1000,1.0,mu_true
7,DR.ofal,0.7994944812890388,-0.20050551871096123,"[-1.0, 1.0, 0.0, 0.0, -1.0]","[0.0, 0.0, 0.0]",true,false,A,1000,1.0,mu_true
7,DR.pfal,1.0280465780154422,0.028046578015442192,"[1.0, -1.0]","[0.0, 1.0, 2.5, 3.0]",false,true,A,1000,1.0,mu_true
7,DR.o&pfal,0.38380252811042603,-0.616197471889574,"[1.0, -1.0]","[0.0, 0.0, 0.0]",false,false,A,1000,1.0,mu_true
8,IPW,0.776261701999189,-0.22373829800081102,"[-1.0, 1.0, 0.0, 0.0, -1.0]",,true,,A,1000,1.0,mu_true
8,IPW.fal,0.2244491798963042,-0.7755508201036958,"[1.0, -1.0]",,false,,A,1000,1.0,mu_true
8,OR,0.9993895606293265,-0.0006104393706735101,,"[0.0, 1.0, 2.5, 3.0]",,true,A,1000,1.0,mu_true
8,OR.fal,0.43759443371605766,-0.5624055662839423,,"[0.0, 0.0, 0.0]",,false,A,1000,1.0,mu_true
8,DR,0.9972066048541205,-0.002793395145879507,"[-1.0, 1.0, 0.0, 0.0, -1.0]","[0.0, 1.0, 2.5, 3.0]",true,true,A,1000,1.0,mu_true
8,DR.ofal,0.8028935317018536,-0.19710646829814638,"[-1.0, 1.0, 0.0, 0.0, -1.0]","[0.0, 0.0, 0.0]",true,false,A,1000,1.0,mu_true
8,DR.pfal,1.0154170872042843,0.015417087204284252,"[1.0, -1.0]","[0.0, 1.0, 2.5, 3.0]",false,true,A,1000,1.0,mu_true
8,DR.o&pfal,0.3354648661191517,-0.6645351338808483,"[1.0, -1.0]","[0.0, 0.0, 0.0]",false,false,A,1000,1.0,mu_true
9,IPW,1.3549891213586585,0.35498912135865845,"[-1.0, 1.0, 0.0, 0.0, -1.0]",,true,,A,1000,1.0,mu_true
9,IPW.fal,0.8231956339989879,-0.17680436600101213,"[1.0, -1.0]",,false,,A,1000,1.0,mu_true
9,OR,0.9613884026698584,-0.038611597330141634,,"[0.0, 1.0, 2.5, 3.0]",,true,A,1000,1.0,mu_true
9,OR.fal,1.034165067225356,0.03416506722535595,,"[0.0, 0.0, 0.0]",,false,A,1000,1.0,mu_true
9,DR,0.9681325943142093,-0.03186740568579072,"[-1.0, 1.0, 0.0, 0.0, -1.0]","[0.0, 1.0, 2.5, 3.0]",true,true,A,1000,1.0,mu_true
9,DR.ofal,1.3602756661433089,0.36027566614330886,"[-1.0, 1.0, 0.0, 0.0, -1.0]","[0.0, 0.0, 0.0]",true,false,A,1000,1.0,mu_true
9,DR.pfal,0.9625363627059174,-0.03746363729408264,"[1.0, -1.0]","[0.0, 1.0, 2.5, 3.0]",false,true,A,1000,1.0,mu_true
9,DR.o&pfal,0.9945988514118068,-0.005401148588193183,"[1.0, -1.0]","[0.0, 0.0, 0.0]",false,false,A,1000,1.0,mu_true
10,IPW,0.5264001308488282,-0.4735998691511718,"[-1.0, 1.0, 0.0, 0.0, -1.0]",,true,,A,1000,1.0,mu_true
10,IPW.fal,-0.06103840079882195,-1.061038400798822,"[1.0, -1.0]",,false,,A,1000,1.0,mu_true
10,OR,0.759251924840203,-0.24074807515979701,,"[0.0, 1.0, 2.5, 3.0]",,true,A,1000,1.0,mu_true
10,OR.fal,0.13370547455706208,-0.866294525442938,,"[0.0, 0.0, 0.0]",,false,A,1000,1.0,mu_true
10,DR,0.733963307182465,-0.26603669281753495,"[-1.0, 1.0, 0.0, 0.0, -1.0]","[0.0, 1.0, 2.5, 3.0]",true,true,A,1000,1.0,mu_true
10,DR.ofal,0.4749801730644749,-0.5250198269355251,"[-1.0, 1.0, 0.0, 0.0, -1.0]","[0.0, 0.0, 0.0]",true,false,A,1000,1.0,mu_true
10,DR.pfal,0.7756033517671467,-0.22439664823285332,"[1.0, -1.0]","[0.0, 1.0, 2.5, 3.0]",false,true,A,1000,1.0,mu_true
10,DR.o&pfal,-0.01598288583378685,-1.015982885833787,"[1.0, -1.0]","[0.0, 0.0, 0.0]",false,false,A,1000,1.0,mu_true
11,IPW,0.674997844403064,-0.325002155596936,"[-1.0, 1.0, 0.0, 0.0, -1.0]",,true,,A,1000,1.0,mu_true
11,IPW.fal,0.31396478887011614,-0.6860352111298839,"[1.0, -1.0]",,false,,A,1000,1.0,mu_true
11,OR,0.9118587784048036,-0.08814122159519644,,"[0.0, 1.0, 2.5, 3.0]",,true,A,1000,1.0,mu_true
11,OR.fal,0.39100844982179717,-0.6089915501782028,,"[0.0, 0.0, 0.0]",,false,A,1000,1.0,mu_true
11,DR,0.9040477976682741,-0.09595220233172586,"[-1.0, 1.0, 0.0, 0.0, -1.0]","[0.0, 1.0, 2.5, 3.0]",true,true,A,1000,1.0,mu_true
11,DR.ofal,0.64455257885957,-0.35544742114043004,"[-1.0, 1.0, 0.0, 0.0, -1.0]","[0.0, 0.0, 0.0]",true,false,A,1000,1.0,mu_true
11,DR.pfal,0.9183720148141783,-0.0816279851858217,"[1.0, -1.0]","[0.0, 1.0, 2.5, 3.0]",false,true,A,1000,1.0,mu_true
11,DR.o&pfal,0.3507355455408921,-0.649264454459108,"[1.0, -1.0]","[0.0, 0.0, 0.0]",false,false,A,1000,1.0,mu_true
12,IPW,0.8878511418806959,-0.11214885811930408,"[-1.0, 1.0, 0.0, 0.0, -1.0]",,true,,A,1000,1.0,mu_true
12,IPW.fal,0.5021300048980838,-0.4978699951019162,"[1.0, -1.0]",,false,,A,1000,1.0,mu_true
12,OR,1.0817005268025606,0.08170052680256057,,"[0.0, 1.0, 2.5, 3.0]",,true,A,1000,1.0,mu_true
12,OR.fal,0.7216375721497802,-0.2783624278502198,,"[0.0, 0.0, 0.0]",,false,A,1000,1.0,mu_true
12,DR,1.086946463504944,0.08694646350494395,"[-1.0, 1.0, 0.0, 0.0, -1.0]","[0.0, 1.0, 2.5, 3.0]",true,true,A,1000,1.0,mu_true
12,DR.ofal,0.8863422984396222,-0.1136577015603778,"[-1.0, 1.0, 0.0, 0.0, -1.0]","[0.0, 0.0, 0.0]",true,false,A,1000,1.0,mu_true
12,DR.pfal,1.0679296093965995,0.06792960939659953,"[1.0, -1.0]","[0.0, 1.0, 2.5, 3.0]",false,true,A,1000,1.0,mu_true
12,DR.o&pfal,0.6636928770572058,-0.3363071229427942,"[1.0, -1.0]","[0.0, 0.0, 0.0]",false,false,A,1000,1.0,mu_true
13,IPW,1.1236526638023974,0.12365266380239737,"[-1.0, 1.0, 0.0, 0.0, -1.0]",,true,,A,1000,1.0,mu_true
13,IPW.fal,0.6030150130191614,-0.3969849869808386,"[1.0, -1.0]",,false,,A,1000,1.0,mu_true
13,OR,1.094045663277714,0.09404566327771402,,"[0.0, 1.0, 2.5, 3.0]",,true,A,1000,1.0,mu_true
13,OR.fal,0.8611504485423286,-0.13884955145767142,,"[0.0, 0.0, 0.0]",,false,A,1000,1.0,mu_true
13,DR,1.100088883423077,0.10008888342307709,"[-1.0, 1.0, 0.0, 0.0, -1.0]","[0.0, 1.0, 2.5, 3.0]",true,true,A,1000,1.0,mu_true
13,DR.ofal,1.1139548325022188,0.11395483250221883,"[-1.0, 1.0, 0.0, 0.0, -1.0]","[0.0, 0.0, 0.0]",true,false,A,1000,1.0,mu_true
13,DR.pfal,1.101259907242445,0.10125990724244494,"[1.0, -1.0]","[0.0, 1.0, 2.5, 3.0]",false,true,A,1000,1.0,mu_true
13,DR.o&pfal,0.8036627698700775,-0.19633723012992255,"[1.0, -1.0]","[0.0, 0.0, 0.0]",false,false,A,1000,1.0,mu_true
14,IPW,1.0402346703428953,0.040234670342895296,"[-1.0, 1.0, 0.0, 0.0, -1.0]",,true,,A,1000,1.0,mu_true
14,IPW.fal,0.2654784580025069,-0.7345215419974931,"[1.0, -1.0]",,false,,A,1000,1.0,mu_true
14,OR,0.9435388379954699,-0.05646116200453011,,"[0.0, 1.0, 2.5, 3.0]",,true,A,1000,1.0,mu_true
14,OR.fal,0.4864983415158722,-0.5135016584841279,,"[0.0, 0.0, 0.0]",,false,A,1000,1.0,mu_true
14,DR,0.9495602315570328,-0.05043976844296716,"[-1.0, 1.0, 0.0, 0.0, -1.0]","[0.0, 1.0, 2.5, 3.0]",true,true,A,1000,1.0,mu_true
14,DR.ofal,1.012654147782966,0.01265414778296603,"[-1.0, 1.0, 0.0, 0.0, -1.0]","[0.0, 0.0, 0.0]",true,false,A,1000,1.0,mu_true
14,DR.pfal,0.912835250366149,-0.08716474963385101,"[1.0, -1.0]","[0.0, 1.0, 2.5, 3.0]",false,true,A,1000,1.0,mu_true
14,DR.o&pfal,0.36829748772572646,-0.6317025122742735,"[1.0, -1.0]","[0.0, 0.0, 0.0]",false,false,A,1000,1.0,mu_true
15,IPW,0.8180306506931467,-0.18196934930685327,"[-1.0, 1.0, 0.0, 0.0, -1.0]",,true,,A,1000,1.0,mu_true
15,IPW.fal,0.5422370367766347,-0.4577629632233653,"[1.0, -1.0]",,false,,A,1000,1.0,mu_true
15,OR,0.9865317600875645,-0.013468239912435509,,"[0.0, 1.0, 2.5, 3.0]",,true,A,1000,1.0,mu_true
15,OR.fal,0.7675320418596315,-0.23246795814036847,,"[0.0, 0.0, 0.0]",,false,A,1000,1.0,mu_true
15,DR,1.010826888455012,0.010826888455012007,"[-1.0, 1.0, 0.0, 0.0, -1.0]","[0.0, 1.0, 2.5, 3.0]",true,true,A,1000,1.0,mu_true
15,DR.ofal,0.8296780980948447,-0.17032190190515528,"[-1.0, 1.0, 0.0, 0.0, -1.0]","[0.0, 0.0, 0.0]",true,false,A,1000,1.0,mu_true
15,DR.pfal,0.9805461871055713,-0.019453812894428713,"[1.0, -1.0]","[0.0, 1.0, 2.5, 3.0]",false,true,A,1000,1.0,mu_true
15,DR.o&pfal,0.6955366738553621,-0.3044633261446379,"[1.0, -1.0]","[0.0, 0.0, 0.0]",false,false,A,1000,1.0,mu_true
16,IPW,1.159314921121136,0.159314921121136,"[-1.0, 1.0, 0.0, 0.0, -1.0]",,true,,A,1000,1.0,mu_true
16,IPW.fal,0.43562842806789787,-0.5643715719321021,"[1.0, -1.0]",,false,,A,1000,1.0,mu_true
16,OR,1.0346695588608037,0.034669558860803695,,"[0.0, 1.0, 2.5, 3.0]",,true,A,1000,1.0,mu_true
16,OR.fal,0.6312519859181628,-0.3687480140818372,,"[0.0, 0.0, 0.0]",,false,A,1000,1.0,mu_true
16,DR,1.0334873837788707,0.03348738377887073,"[-1.0, 1.0, 0.0, 0.0, -1.0]","[0.0, 1.0, 2.5, 3.0]",true,true,A,1000,1.0,mu_true
16,DR.ofal,1.1407135058173703,0.1407135058173703,"[-1.0, 1.0, 0.0, 0.0, -1.0]","[0.0, 0.0, 0.0]",true,false,A,1000,1.0,mu_true
16,DR.pfal,1.0267670694832043,0.026767069483204287,"[1.0, -1.0]","[0.0, 1.0, 2.5, 3.0]",false,true,A,1000,1.0,mu_true
16,DR.o&pfal,0.5130443594602688,-0.48695564053973117,"[1.0, -1.0]","[0.0, 0.0, 0.0]",false,false,A,1000,1.0,mu_true
17,IPW,0.9467298824407222,-0.053270117559277796,"[-1.0, 1.0, 0.0, 0.0, -1.0]",,true,,A,1000,1.0,mu_true
17,IPW.fal,0.49076046230084613,-0.5092395376991539,"[1.0, -1.0]",,false,,A,1000,1.0,mu_true
17,OR,1.0601966668688034,0.06019666686880343,,"[0.0, 1.0, 2.5, 3.0]",,true,A,1000,1.0,mu_true
17,OR.fal,0.6353884672286957,-0.3646115327713043,,"[0.0, 0.0, 0.0]",,false,A,1000,1.0,mu_true
17,DR,1.0681130061260962,0.06811300612609617,"[-1.0, 1.0, 0.0, 0.0, -1.0]","[0.0, 1.0, 2.5, 3.0]",true,true,A,1000,1.0,mu_true
17,DR.ofal,0.9394363530601534,-0.060563646939846616,"[-1.0, 1.0, 0.0, 0.0, -1.0]","[0.0, 0.0, 0.0]",true,false,A,1000,1.0,mu_true
17,DR.pfal,1.0568664290783858,0.056866429078385794,"[1.0, -1.0]","[0.0, 1.0, 2.5, 3.0]",false,true,A,1000,1.0,mu_true
17,DR.o&pfal,0.5403312866259188,-0.4596687133740812,"[1.0, -1.0]","[0.0, 0.0, 0.0]",false,false,A,1000,1.0,mu_true
18,IPW,1.1173529342170259,0.11735293421702586,"[-1.0, 1.0, 0.0, 0.0, -1.0]",,true,,A,1000,1.0,mu_true
18,IPW.fal,0.642801818712829,-0.35719818128717096,"[1.0, -1.0]",,false,,A,1000,1.0,mu_true
18,OR,0.9642490595198288,-0.035750940480171245,,"[0.0, 1.0, 2.5, 3.0]",,true,A,1000,1.0,mu_true
18,OR.fal,0.8117971015284843,-0.18820289847151572,,"[0.0, 0.0, 0.0]",,false,A,1000,1.0,mu_true
18,DR,0.9632253325964034,-0.036774667403596584,"[-1.0, 1.0, 0.0, 0.0, -1.0]","[0.0, 1.0, 2.5, 3.0]",true,true,A,1000,1.0,mu_true
18,DR.ofal,1.121046170639182,0.1210461706391821,"[-1.0, 1.0, 0.0, 0.0, -1.0]","[0.0, 0.0, 0.0]",true,false,A,1000,1.0,mu_true
18,DR.pfal,0.957645526567044,-0.04235447343295595,"[1.0, -1.0]","[0.0, 1.0, 2.5, 3.0]",false,true,A,1000,1.0,mu_true
18,DR.o&pfal,0.7400543449241525,-0.25994565507584755,"[1.0, -1.0]","[0.0, 0.0, 0.0]",false,false,A,1000,1.0,mu_true
19,IPW,1.0340365538189007,0.034036553818900694,"[-1.0, 1.0, 0.0, 0.0, -1.0]",,true,,A,1000,1.0,mu_true
19,IPW.fal,0.588166384081143,-0.41183361591885703,"[1.0, -1.0]",,false,,A,1000,1.0,mu_true
19,OR,1.1835154774449552,0.18351547744495522,,"[0.0, 1.0, 2.5, 3.0]",,true,A,1000,1.0,mu_true
19,OR.fal,0.7861667225805966,-0.2138332774194034,,"[0.0, 0.0, 0.0]",,false,A,1000,1.0,mu_true
19,DR,1.1978007010705096,0.19780070107050962,"[-1.0, 1.0, 0.0, 0.0, -1.0]","[0.0, 1.0, 2.5, 3.0]",true,true,A,1000,1.0,mu_true
19,DR.ofal,1.0532750234882897,0.05327502348828972,"[-1.0, 1.0, 0.0, 0.0, -1.0]","[0.0, 0.0, 0.0]",true,false,A,1000,1.0,mu_true
19,DR.pfal,1.1902115543047134,0.19021155430471337,"[1.0, -1.0]","[0.0, 1.0, 2.5, 3.0]",false,true,A,1000,1.0,mu_true
19,DR.o&pfal,0.7408467143418093,-0.25915328565819074,"[1.0, -1.0]","[0.0, 0.0, 0.0]",false,false,A,1000,1.0,mu_true
20,IPW,0.9992346287313842,-0.0007653712686157554,"[-1.0, 1.0, 0.0, 0.0, -1.0]",,true,,A,1000,1.0,mu_true
20,IPW.fal,0.5337635476519126,-0.4662364523480874,"[1.0, -1.0]",,false,,A,1000,1.0,mu_true
20,OR,1.032168693247726,0.03216869324772609,,"[0.0, 1.0, 2.5, 3.0]",,true,A,1000,1.0,mu_true
20,OR.fal,0.7099170452870728,-0.2900829547129272,,"[0.0, 0.0, 0.0]",,false,A,1000,1.0,mu_true
20,DR,1.0183206157539213,0.0183206157539213,"[-1.0, 1.0, 0.0, 0.0, -1.0]","[0.0, 1.0, 2.5, 3.0]",true,true,A,1000,1.0,mu_true
20,DR.ofal,0.9966859746898445,-0.003314025310155455,"[-1.0, 1.0, 0.0, 0.0, -1.0]","[0.0, 0.0, 0.0]",true,false,A,1000,1.0,mu_true
20,DR.pfal,1.0249288140688004,0.02492881406880043,"[1.0, -1.0]","[0.0, 1.0, 2.5, 3.0]",false,true,A,1000,1.0,mu_true
20,DR.o&pfal,0.6599011049544794,-0.3400988950455206,"[1.0, -1.0]","[0.0, 0.0, 0.0]",false,false,A,1000,1.0,mu_true
21,IPW,1.212165793061974,0.21216579306197403,"[-1.0, 1.0, 0.0, 0.0, -1.0]",,true,,A,1000,1.0,mu_true
21,IPW.fal,0.8607440531327764,-0.13925594686722365,"[1.0, -1.0]",,false,,A,1000,1.0,mu_true
21,OR,1.135591891337648,0.13559189133764793,,"[0.0, 1.0, 2.5, 3.0]",,true,A,1000,1.0,mu_true
21,OR.fal,1.0320690878295369,0.03206908782953688,,"[0.0, 0.0, 0.0]",,false,A,1000,1.0,mu_true
21,DR,1.1224745111496763,0.12247451114967634,"[-1.0, 1.0, 0.0, 0.0, -1.0]","[0.0, 1.0, 2.5, 3.0]",true,true,A,1000,1.0,mu_true
21,DR.ofal,1.2444007856171784,0.24440078561717837,"[-1.0, 1.0, 0.0, 0.0, -1.0]","[0.0, 0.0, 0.0]",true,false,A,1000,1.0,mu_true
21,DR.pfal,1.1236983998462238,0.12369839984622377,"[1.0, -1.0]","[0.0, 1.0, 2.5, 3.0]",false,true,A,1000,1.0,mu_true
21,DR.o&pfal,0.9907394194074325,-0.009260580592567513,"[1.0, -1.0]","[0.0, 0.0, 0.0]",false,false,A,1000,1.0,mu_true
22,IPW,0.9221854673196371,-0.07781453268036287,"[-1.0, 1.0, 0.0, 0.0, -1.0]",,true,,A,1000,1.0,mu_true
22,IPW.fal,0.6288954456260302,-0.37110455437396983,"[1.0, -1.0]",,false,,A,1000,1.0,mu_true
22,OR,0.820290670148253,-0.17970932985174704,,"[0.0, 1.0, 2.5, 3.0]",,true,A,1000,1.0,mu_true
22,OR.fal,0.7337489297375068,-0.2662510702624932,,"[0.0, 0.0, 0.0]",,false,A,1000,1.0,mu_true
22,DR,0.7950444067146079,-0.20495559328539215,"[-1.0, 1.0, 0.0, 0.0, -1.0]","[0.0, 1.0, 2.5, 3.0]",true,true,A,1000,1.0,mu_true
22,DR.ofal,0.8805029215144798,-0.11949707848552016,"[-1.0, 1.0, 0.0, 0.0, -1.0]","[0.0, 0.0, 0.0]",true,false,A,1000,1.0,mu_true
22,DR.pfal,0.8255662497337541,-0.17443375026624586,"[1.0, -1.0]","[0.0, 1.0, 2.5, 3.0]",false,true,A,1000,1.0,mu_true
22,DR.o&pfal,0.7194584669357436,-0.28054153306425644,"[1.0, -1.0]","[0.0, 0.0, 0.0]",false,false,A,1000,1.0,mu_true
23,IPW,0.7871930225276651,-0.2128069774723349,"[-1.0, 1.0, 0.0, 0.0, -1.0]",,true,,A,1000,1.0,mu_true
23,IPW.fal,0.5048847544639983,-0.4951152455360017,"[1.0, -1.0]",,false,,A,1000,1.0,mu_true
23,OR,0.817145494806483,-0.18285450519351698,,"[0.0, 1.0, 2.5, 3.0]",,true,A,1000,1.0,mu_true
23,OR.fal,0.6514074271316489,-0.3485925728683511,,"[0.0, 0.0, 0.0]",,false,A,1000,1.0,mu_true
23,DR,0.8123817460856315,-0.18761825391436848,"[-1.0, 1.0, 0.0, 0.0, -1.0]","[0.0, 1.0, 2.5, 3.0]",true,true,A,1000,1.0,mu_true
23,DR.ofal,0.799987089600729,-0.20001291039927105,"[-1.0, 1.0, 0.0, 0.0, -1.0]","[0.0, 0.0, 0.0]",true,false,A,1000,1.0,mu_true
23,DR.pfal,0.8193372037753858,-0.18066279622461423,"[1.0, -1.0]","[0.0, 1.0, 2.5, 3.0]",false,true,A,1000,1.0,mu_true
23,DR.o&pfal,0.660695002824174,-0.33930499717582596,"[1.0, -1.0]","[0.0, 0.0, 0.0]",false,false,A,1000,1.0,mu_true
24,IPW,1.0588783075303358,0.05887830753033585,"[-1.0, 1.0, 0.0, 0.0, -1.0]",,true,,A,1000,1.0,mu_true
24,IPW.fal,0.5187627253136661,-0.4812372746863339,"[1.0, -1.0]",,false,,A,1000,1.0,mu_true
24,OR,0.8736716433729996,-0.12632835662700037,,"[0.0, 1.0, 2.5, 3.0]",,true,A,1000,1.0,mu_true
24,OR.fal,0.7059761843349862,-0.2940238156650138,,"[0.0, 0.0, 0.0]",,false,A,1000,1.0,mu_true
24,DR,0.8791905919013696,-0.12080940809863039,"[-1.0, 1.0, 0.0, 0.0, -1.0]","[0.0, 1.0, 2.5, 3.0]",true,true,A,1000,1.0,mu_true
24,DR.ofal,1.0500206589105125,0.05002065891051255,"[-1.0, 1.0, 0.0, 0.0, -1.0]","[0.0, 0.0, 0.0]",true,false,A,1000,1.0,mu_true
24,DR.pfal,0.8635045484527762,-0.13649545154722376,"[1.0, -1.0]","[0.0, 1.0, 2.5, 3.0]",false,true,A,1000,1.0,mu_true
24,DR.o&pfal,0.5890659349874412,-0.4109340650125588,"[1.0, -1.0]","[0.0, 0.0, 0.0]",false,false,A,1000,1.0,mu_true
25,IPW,0.75713421427488,-0.24286578572511996,"[-1.0, 1.0, 0.0, 0.0, -1.0]",,true,,A,1000,1.0,mu_true
25,IPW.fal,0.12287774780558915,-0.8771222521944109,"[1.0, -1.0]",,false,,A,1000,1.0,mu_true
25,OR,0.9329779107297257,-0.06702208927027431,,"[0.0, 1.0, 2.5, 3.0]",,true,A,1000,1.0,mu_true
25,OR.fal,0.2884571670072867,-0.7115428329927134,,"[0.0, 0.0, 0.0]",,false,A,1000,1.0,mu_true
25,DR,0.9252803312953336,-0.0747196687046664,"[-1.0, 1.0, 0.0, 0.0, -1.0]","[0.0, 1.0, 2.5, 3.0]",true,true,A,1000,1.0,mu_true
25,DR.ofal,0.7010748777261636,-0.2989251222738364,"[-1.0, 1.0, 0.0, 0.0, -1.0]","[0.0, 0.0, 0.0]",true,false,A,1000,1.0,mu_true
25,DR.pfal,0.9275304983751285,-0.07246950162487154,"[1.0, -1.0]","[0.0, 1.0, 2.5, 3.0]",false,true,A,1000,1.0,mu_true
25,DR.o&pfal,0.19474224171857604,-0.805257758281424,"[1.0, -1.0]","[0.0, 0.0, 0.0]",false,false,A,1000,1.0,mu_true
26,IPW,0.9053339624201385,-0.09466603757986147,"[-1.0, 1.0, 0.0, 0.0, -1.0]",,true,,A,1000,1.0,mu_true
26,IPW.fal,0.41400294393027753,-0.5859970560697225,"[1.0, -1.0]",,false,,A,1000,1.0,mu_true
26,OR,0.9127243650209282,-0.08727563497907176,,"[0.0, 1.0, 2.5, 3.0]",,true,A,1000,1.0,mu_true
26,OR.fal,0.5946720617119595,-0.4053279382880405,,"[0.0, 0.0, 0.0]",,false,A,1000,1.0,mu_true
26,DR,0.9212325154887993,-0.07876748451120075,"[-1.0, 1.0, 0.0, 0.0, -1.0]","[0.0, 1.0, 2.5, 3.0]",true,true,A,1000,1.0,mu_true
26,DR.ofal,0.9020261498708073,-0.09797385012919269,"[-1.0, 1.0, 0.0, 0.0, -1.0]","[0.0, 0.0, 0.0]",true,false,A,1000,1.0,mu_true
26,DR.pfal,0.9176289061676701,-0.08237109383232988,"[1.0, -1.0]","[0.0, 1.0, 2.5, 3.0]",false,true,A,1000,1.0,mu_true
26,DR.o&pfal,0.5277236941877601,-0.4722763058122399,"[1.0, -1.0]","[0.0, 0.0, 0.0]",false,false,A,1000,1.0,mu_true
27,IPW,1.4830351501312817,0.48303515013128173,"[-1.0, 1.0, 0.0, 0.0, -1.0]",,true,,A,1000,1.0,mu_true
27,IPW.fal,0.881857036731484,-0.11814296326851603,"[1.0, -1.0]",,false,,A,1000,1.0,mu_true
27,OR,1.3067784320465239,0.3067784320465239,,"[0.0, 1.0, 2.5, 3.0]",,true,A,1000,1.0,mu_true
27,OR.fal,1.1407539070619472,0.14075390706194724,,"[0.0, 0.0, 0.0]",,false,A,1000,1.0,mu_true
27,DR,1.3188434379134932,0.31884343791349323,"[-1.0, 1.0, 0.0, 0.0, -1.0]","[0.0, 1.0, 2.5, 3.0]",true,true,A,1000,1.0,mu_true
27,DR.ofal,1.506703896079866,0.506703896079866,"[-1.0, 1.0, 0.0, 0.0, -1.0]","[0.0, 0.0, 0.0]",true,false,A,1000,1.0,mu_true
27,DR.pfal,1.3038929374069648,0.30389293740696477,"[1.0, -1.0]","[0.0, 1.0, 2.5, 3.0]",false,true,A,1000,1.0,mu_true
27,DR.o&pfal,1.1179489101257605,0.11794891012576048,"[1.0, -1.0]","[0.0, 0.0, 0.0]",false,false,A,1000,1.0,mu_true
28,IPW,0.8162571070514048,-0.18374289294859525,"[-1.0, 1.0, 0.0, 0.0, -1.0]",,true,,A,1000,1.0,mu_true
28,IPW.fal,0.29553629886351745,-0.7044637011364825,"[1.0, -1.0]",,false,,A,1000,1.0,mu_true
28,OR,1.0142257571579592,0.014225757157959151,,"[0.0, 1.0, 2.5, 3.0]",,true,A,1000,1.0,mu_true
28,OR.fal,0.5330554267937709,-0.46694457320622906,,"[0.0, 0.0, 0.0]",,false,A,1000,1.0,mu_true
28,DR,1.0110925161944824,0.011092516194482371,"[-1.0, 1.0, 0.0, 0.0, -1.0]","[0.0, 1.0, 2.5, 3.0]",true,true,A,1000,1.0,mu_true
28,DR.ofal,0.7704530552299971,-0.22954694477000293,"[-1.0, 1.0, 0.0, 0.0, -1.0]","[0.0, 0.0, 0.0]",true,false,A,1000,1.0,mu_true
28,DR.pfal,1.014107576844679,0.014107576844679004,"[1.0, -1.0]","[0.0, 1.0, 2.5, 3.0]",false,true,A,1000,1.0,mu_true
28,DR.o&pfal,0.3775231088416838,-0.6224768911583163,"[1.0, -1.0]","[0.0, 0.0, 0.0]",false,false,A,1000,1.0,mu_true
29,IPW,1.5776124028699494,0.5776124028699494,"[-1.0, 1.0, 0.0, 0.0, -1.0]",,true,,A,1000,1.0,mu_true
29,IPW.fal,0.8933603643729946,-0.1066396356270054,"[1.0, -1.0]",,false,,A,1000,1.0,mu_true
29,OR,1.2218019026807376,0.22180190268073763,,"[0.0, 1.0, 2.5, 3.0]",,true,A,1000,1.0,mu_true
29,OR.fal,1.146477386322798,0.14647738632279794,,"[0.0, 0.0, 0.0]",,false,A,1000,1.0,mu_true
29,DR,1.2297326428549404,0.22973264285494044,"[-1.0, 1.0, 0.0, 0.0, -1.0]","[0.0, 1.0, 2.5, 3.0]",true,true,A,1000,1.0,mu_true
29,DR.ofal,1.5886121072573691,0.5886121072573691,"[-1.0, 1.0, 0.0, 0.0, -1.0]","[0.0, 0.0, 0.0]",true,false,A,1000,1.0,mu_true
29,DR.pfal,1.2198533645279763,0.21985336452797632,"[1.0, -1.0]","[0.0, 1.0, 2.5, 3.0]",false,true,A,1000,1.0,mu_true
29,DR.o&pfal,1.091431254417388,0.09143125441738809,"[1.0, -1.0]","[0.0, 0.0, 0.0]",false,false,A,1000,1.0,mu_true
30,IPW,1.0254887510800885,0.025488751080088523,"[-1.0, 1.0, 0.0, 0.0, -1.0]",,true,,A,1000,1.0,mu_true
30,IPW.fal,0.701732969125439,-0.29826703087456097,"[1.0, -1.0]",,false,,A,1000,1.0,mu_true
30,OR,1.1057666953088132,0.10576669530881322,,"[0.0, 1.0, 2.5, 3.0]",,true,A,1000,1.0,mu_true
30,OR.fal,0.8780450785993515,-0.12195492140064845,,"[0.0, 0.0, 0.0]",,false,A,1000,1.0,mu_true
30,DR,1.0912737359876672,0.09127373598766719,"[-1.0, 1.0, 0.0, 0.0, -1.0]","[0.0, 1.0, 2.5, 3.0]",true,true,A,1000,1.0,mu_true
30,DR.ofal,1.0231354755221465,0.023135475522146454,"[-1.0, 1.0, 0.0, 0.0, -1.0]","[0.0, 0.0, 0.0]",true,false,A,1000,1.0,mu_true
30,DR.pfal,1.102663359502157,0.1026633595021571,"[1.0, -1.0]","[0.0, 1.0, 2.5, 3.0]",false,true,A,1000,1.0,mu_true
30,DR.o&pfal,0.8354330521538155,-0.16456694784618453,"[1.0, -1.0]","[0.0, 0.0, 0.0]",false,false,A,1000,1.0,mu_true
31,IPW,0.8732417970847725,-0.12675820291522755,"[-1.0, 1.0, 0.0, 0.0, -1.0]",,true,,A,1000,1.0,mu_true
31,IPW.fal,0.35390420228323594,-0.6460957977167641,"[1.0, -1.0]",,false,,A,1000,1.0,mu_true
31,OR,0.8948201829541806,-0.10517981704581936,,"[0.0, 1.0, 2.5, 3.0]",,true,A,1000,1.0,mu_true
31,OR.fal,0.5250603107884376,-0.4749396892115624,,"[0.0, 0.0, 0.0]",,false,A,1000,1.0,mu_true
31,DR,0.8910293671010997,-0.1089706328989003,"[-1.0, 1.0, 0.0, 0.0, -1.0]","[0.0, 1.0, 2.5, 3.0]",true,true,A,1000,1.0,mu_true
31,DR.ofal,0.8795817234331312,-0.12041827656686876,"[-1.0, 1.0, 0.0, 0.0, -1.0]","[0.0, 0.0, 0.0]",true,false,A,1000,1.0,mu_true
31,DR.pfal,0.9064888061804048,-0.09351119381959516,"[1.0, -1.0]","[0.0, 1.0, 2.5, 3.0]",false,true,A,1000,1.0,mu_true
31,DR.o&pfal,0.4747286098686361,-0.5252713901313639,"[1.0, -1.0]","[0.0, 0.0, 0.0]",false,false,A,1000,1.0,mu_true
32,IPW,0.9319794434275452,-0.06802055657245476,"[-1.0, 1.0, 0.0, 0.0, -1.0]",,true,,A,1000,1.0,mu_true
32,IPW.fal,0.3841692084840006,-0.6158307915159994,"[1.0, -1.0]",,false,,A,1000,1.0,mu_true
32,OR,0.9838544529438957,-0.01614554705610427,,"[0.0, 1.0, 2.5, 3.0]",,true,A,1000,1.0,mu_true
32,OR.fal,0.5648766153427605,-0.43512338465723954,,"[0.0, 0.0, 0.0]",,false,A,1000,1.0,mu_true
32,DR,0.9810783925161536,-0.018921607483846414,"[-1.0, 1.0, 0.0, 0.0, -1.0]","[0.0, 1.0, 2.5, 3.0]",true,true,A,1000,1.0,mu_true
32,DR.ofal,0.9652771793230331,-0.03472282067696686,"[-1.0, 1.0, 0.0, 0.0, -1.0]","[0.0, 0.0, 0.0]",true,false,A,1000,1.0,mu_true
32,DR.pfal,0.9711452499461309,-0.02885475005386906,"[1.0, -1.0]","[0.0, 1.0, 2.5, 3.0]",false,true,A,1000,1.0,mu_true
32,DR.o&pfal,0.5018728223669636,-0.4981271776330364,"[1.0, -1.0]","[0.0, 0.0, 0.0]",false,false,A,1000,1.0,mu_true
33,IPW,1.3668354070783675,0.3668354070783675,"[-1.0, 1.0, 0.0, 0.0, -1.0]",,true,,A,1000,1.0,mu_true
33,IPW.fal,0.9345966589527157,-0.06540334104728429,"[1.0, -1.0]",,false,,A,1000,1.0,mu_true
33,OR,0.9467998362055221,-0.053200163794477895,,"[0.0, 1.0, 2.5, 3.0]",,true,A,1000,1.0,mu_true
33,OR.fal,1.1625973970000647,0.1625973970000647,,"[0.0, 0.0, 0.0]",,false,A,1000,1.0,mu_true
33,DR,0.945865881125759,-0.05413411887424102,"[-1.0, 1.0, 0.0, 0.0, -1.0]","[0.0, 1.0, 2.5, 3.0]",true,true,A,1000,1.0,mu_true
33,DR.ofal,1.4470348774878432,0.4470348774878432,"[-1.0, 1.0, 0.0, 0.0, -1.0]","[0.0, 0.0, 0.0]",true,false,A,1000,1.0,mu_true
33,DR.pfal,0.9521618703111047,-0.04783812968889534,"[1.0, -1.0]","[0.0, 1.0, 2.5, 3.0]",false,true,A,1000,1.0,mu_true
33,DR.o&pfal,1.1419570380678503,0.14195703806785032,"[1.0, -1.0]","[0.0, 0.0, 0.0]",false,false,A,1000,1.0,mu_true
34,IPW,0.9887255861550732,-0.011274413844926778,"[-1.0, 1.0, 0.0, 0.0, -1.0]",,true,,A,1000,1.0,mu_true
34,IPW.fal,0.5063113200149095,-0.4936886799850905,"[1.0, -1.0]",,false,,A,1000,1.0,mu_true
34,OR,1.0641767711878525,0.06417677118785248,,"[0.0, 1.0, 2.5, 3.0]",,true,A,1000,1.0,mu_true
34,OR.fal,0.699369604550335,-0.30063039544966497,,"[0.0, 0.0, 0.0]",,false,A,1000,1.0,mu_true
34,DR,1.0617686966126483,0.06176869661264828,"[-1.0, 1.0, 0.0, 0.0, -1.0]","[0.0, 1.0, 2.5, 3.0]",true,true,A,1000,1.0,mu_true
34,DR.ofal,0.9904245927064554,-0.009575407293544558,"[-1.0, 1.0, 0.0, 0.0, -1.0]","[0.0, 0.0, 0.0]",true,false,A,1000,1.0,mu_true
34,DR.pfal,1.0598767161855822,0.05987671618558221,"[1.0, -1.0]","[0.0, 1.0, 2.5, 3.0]",false,true,A,1000,1.0,mu_true
34,DR.o&pfal,0.6799842411819541,-0.3200157588180459,"[1.0, -1.0]","[0.0, 0.0, 0.0]",false,false,A,1000,1.0,mu_true
35,IPW,1.2044181313807012,0.2044181313807012,"[-1.0, 1.0, 0.0, 0.0, -1.0]",,true,,A,1000,1.0,mu_true
35,IPW.fal,0.596996104415112,-0.40300389558488803,"[1.0, -1.0]",,false,,A,1000,1.0,mu_true
35,OR,0.9611354137174914,-0.03886458628250855,,"[0.0, 1.0, 2.5, 3.0]",,true,A,1000,1.0,mu_true
35,OR.fal,0.8564140014911962,-0.14358599850880382,,"[0.0, 0.0, 0.0]",,false,A,1000,1.0,mu_true
35,DR,0.9824818380295917,-0.01751816197040834,"[-1.0, 1.0, 0.0, 0.0, -1.0]","[0.0, 1.0, 2.5, 3.0]",true,true,A,1000,1.0,mu_true
35,DR.ofal,1.171209709917618,0.17120970991761797,"[-1.0, 1.0, 0.0, 0.0, -1.0]","[0.0, 0.0, 0.0]",true,false,A,1000,1.0,mu_true
35,DR.pfal,0.956638054218322,-0.04336194578167796,"[1.0, -1.0]","[0.0, 1.0, 2.5, 3.0]",false,true,A,1000,1.0,mu_true
35,DR.o&pfal,0.8196328465690221,-0.18036715343097787,"[1.0, -1.0]","[0.0, 0.0, 0.0]",false,false,A,1000,1.0,mu_true
36,IPW,1.1303525055003014,0.13035250550030142,"[-1.0, 1.0, 0.0, 0.0, -1.0]",,true,,A,1000,1.0,mu_true
36,IPW.fal,0.583832088513304,-0.41616791148669596,"[1.0, -1.0]",,false,,A,1000,1.0,mu_true
36,OR,1.191818153389735,0.19181815338973496,,"[0.0, 1.0, 2.5, 3.0]",,true,A,1000,1.0,mu_true
36,OR.fal,0.8610634781145851,-0.13893652188541494,,"[0.0, 0.0, 0.0]",,false,A,1000,1.0,mu_true
36,DR,1.1977433307908019,0.19774333079080186,"[-1.0, 1.0, 0.0, 0.0, -1.0]","[0.0, 1.0, 2.5, 3.0]",true,true,A,1000,1.0,mu_true
36,DR.ofal,1.1553674054432403,0.15536740544324035,"[-1.0, 1.0, 0.0, 0.0, -1.0]","[0.0, 0.0, 0.0]",true,false,A,1000,1.0,mu_true
36,DR.pfal,1.1920379620730859,0.19203796207308588,"[1.0, -1.0]","[0.0, 1.0, 2.5, 3.0]",false,true,A,1000,1.0,mu_true
36,DR.o&pfal,0.8059111289100334,-0.19408887108996664,"[1.0, -1.0]","[0.0, 0.0, 0.0]",false,false,A,1000,1.0,mu_true
37,IPW,0.8249730291685464,-0.17502697083145358,"[-1.0, 1.0, 0.0, 0.0, -1.0]",,true,,A,1000,1.0,mu_true
37,IPW.fal,0.4853811464421602,-0.5146188535578398,"[1.0, -1.0]",,false,,A,1000,1.0,mu_true
37,OR,0.8450390893144623,-0.15496091068553774,,"[0.0, 1.0, 2.5, 3.0]",,true,A,1000,1.0,mu_true
37,OR.fal,0.6926332433408808,-0.30736675665911917,,"[0.0, 0.0, 0.0]",,false,A,1000,1.0,mu_true
37,DR,0.8401102536043844,-0.1598897463956156,"[-1.0, 1.0, 0.0, 0.0, -1.0]","[0.0, 1.0, 2.5, 3.0]",true,true,A,1000,1.0,mu_true
37,DR.ofal,0.7989381687454602,-0.2010618312545398,"[-1.0, 1.0, 0.0, 0.0, -1.0]","[0.0, 0.0, 0.0]",true,false,A,1000,1.0,mu_true
37,DR.pfal,0.829180571029654,-0.17081942897034597,"[1.0, -1.0]","[0.0, 1.0, 2.5, 3.0]",false,true,A,1000,1.0,mu_true
37,DR.o&pfal,0.6181196067825643,-0.3818803932174357,"[1.0, -1.0]","[0.0, 0.0, 0.0]",false,false,A,1000,1.0,mu_true
38,IPW,1.0381570338199777,0.038157033819977704,"[-1.0, 1.0, 0.0, 0.0, -1.0]",,true,,A,1000,1.0,mu_true
38,IPW.fal,0.632652628594163,-0.36734737140583695,"[1.0, -1.0]",,false,,A,1000,1.0,mu_true
38,OR,1.1779814068679142,0.1779814068679142,,"[0.0, 1.0, 2.5, 3.0]",,true,A,1000,1.0,mu_true
38,OR.fal,0.7877989741802309,-0.21220102581976907,,"[0.0, 0.0, 0.0]",,false,A,1000,1.0,mu_true
38,DR,1.1696272708658126,0.16962727086581264,"[-1.0, 1.0, 0.0, 0.0, -1.0]","[0.0, 1.0, 2.5, 3.0]",true,true,A,1000,1.0,mu_true
38,DR.ofal,1.0513084078188486,0.0513084078188486,"[-1.0, 1.0, 0.0, 0.0, -1.0]","[0.0, 0.0, 0.0]",true,false,A,1000,1.0,mu_true
38,DR.pfal,1.1826472770380974,0.18264727703809736,"[1.0, -1.0]","[0.0, 1.0, 2.5, 3.0]",false,true,A,1000,1.0,mu_true
38,DR.o&pfal,0.7023426136052096,-0.29765738639479045,"[1.0, -1.0]","[0.0, 0.0, 0.0]",false,false,A,1000,1.0,mu_true
39,IPW,1.146112916242528,0.1461129162425281,"[-1.0, 1.0, 0.0, 0.0, -1.0]",,true,,A,1000,1.0,mu_true
39,IPW.fal,0.4168090385465769,-0.5831909614534231,"[1.0, -1.0]",,false,,A,1000,1.0,mu_true
39,OR,1.0654221081453243,0.06542210814532434,,"[0.0, 1.0, 2.5, 3.0]",,true,A,1000,1.0,mu_true
39,OR.fal,0.7557003129970995,-0.2442996870029005,,"[0.0, 0.0, 0.0]",,false,A,1000,1.0,mu_true
39,DR,1.061526601511672,0.061526601511672,"[-1.0, 1.0, 0.0, 0.0, -1.0]","[0.0, 1.0, 2.5, 3.0]",true,true,A,1000,1.0,mu_true
39,DR.ofal,1.1151309658833946,0.11513096588339455,"[-1.0, 1.0, 0.0, 0.0, -1.0]","[0.0, 0.0, 0.0]",true,false,A,1000,1.0,mu_true
39,DR.pfal,1.06082795540075,0.06082795540075003,"[1.0, -1.0]","[0.0, 1.0, 2.5, 3.0]",false,true,A,1000,1.0,mu_true
39,DR.o&pfal,0.6677635358155739,-0.3322364641844261,"[1.0, -1.0]","[0.0, 0.0, 0.0]",false,false,A,1000,1.0,mu_true
40,IPW,1.1651326991550504,0.16513269915505036,"[-1.0, 1.0, 0.0, 0.0, -1.0]",,true,,A,1000,1.0,mu_true
40,IPW.fal,0.5800059625262591,-0.41999403747374087,"[1.0, -1.0]",,false,,A,1000,1.0,mu_true
40,OR,1.0193350003533255,0.01933500035332547,,"[0.0, 1.0, 2.5, 3.0]",,true,A,1000,1.0,mu_true
40,OR.fal,0.7918807573679445,-0.2081192426320555,,"[0.0, 0.0, 0.0]",,false,A,1000,1.0,mu_true
40,DR,1.0075839957216226,0.007583995721622605,"[-1.0, 1.0, 0.0, 0.0, -1.0]","[0.0, 1.0, 2.5, 3.0]",true,true,A,1000,1.0,mu_true
40,DR.ofal,1.165510808774979,0.16551080877497903,"[-1.0, 1.0, 0.0, 0.0, -1.0]","[0.0, 0.0, 0.0]",true,false,A,1000,1.0,mu_true
40,DR.pfal,1.0163576985043996,0.01635769850439961,"[1.0, -1.0]","[0.0, 1.0, 2.5, 3.0]",false,true,A,1000,1.0,mu_true
40,DR.o&pfal,0.6968526412680056,-0.3031473587319944,"[1.0, -1.0]","[0.0, 0.0, 0.0]",false,false,A,1000,1.0,mu_true
41,IPW,1.2469154338597692,0.24691543385976922,"[-1.0, 1.0, 0.0, 0.0, -1.0]",,true,,A,1000,1.0,mu_true
41,IPW.fal,0.6152794666378625,-0.3847205333621375,"[1.0, -1.0]",,false,,A,1000,1.0,mu_true
41,OR,0.9864491139116873,-0.013550886088312675,,"[0.0, 1.0, 2.5, 3.0]",,true,A,1000,1.0,mu_true
41,OR.fal,0.9190807927676662,-0.08091920723233381,,"[0.0, 0.0, 0.0]",,false,A,1000,1.0,mu_true
41,DR,0.975161778628866,-0.024838221371134006,"[-1.0, 1.0, 0.0, 0.0, -1.0]","[0.0, 1.0, 2.5, 3.0]",true,true,A,1000,1.0,mu_true
41,DR.ofal,1.2483945029394217,0.24839450293942167,"[-1.0, 1.0, 0.0, 0.0, -1.0]","[0.0, 0.0, 0.0]",true,false,A,1000,1.0,mu_true
41,DR.pfal,0.9610820178646882,-0.038917982135311835,"[1.0, -1.0]","[0.0, 1.0, 2.5, 3.0]",false,true,A,1000,1.0,mu_true
41,DR.o&pfal,0.8536701008210587,-0.14632989917894135,"[1.0, -1.0]","[0.0, 0.0, 0.0]",false,false,A,1000,1.0,mu_true
42,IPW,0.7776707213637025,-0.22232927863629748,"[-1.0, 1.0, 0.0, 0.0, -1.0]",,true,,A,1000,1.0,mu_true
42,IPW.fal,0.30958482484411554,-0.6904151751558845,"[1.0, -1.0]",,false,,A,1000,1.0,mu_true
42,OR,0.8666545644872026,-0.13334543551279743,,"[0.0, 1.0, 2.5, 3.0]",,true,A,1000,1.0,mu_true
42,OR.fal,0.5068355665256709,-0.49316443347432914,,"[0.0, 0.0, 0.0]",,false,A,1000,1.0,mu_true
42,DR,0.8645700546010892,-0.13542994539891084,"[-1.0, 1.0, 0.0, 0.0, -1.0]","[0.0, 1.0, 2.5, 3.0]",true,true,A,1000,1.0,mu_true
42,DR.ofal,0.7712640671071139,-0.22873593289288607,"[-1.0, 1.0, 0.0, 0.0, -1.0]","[0.0, 0.0, 0.0]",true,false,A,1000,1.0,mu_true
42,DR.pfal,0.8591331654889932,-0.1408668345110068,"[1.0, -1.0]","[0.0, 1.0, 2.5, 3.0]",false,true,A,1000,1.0,mu_true
42,DR.o&pfal,0.4428755122002136,-0.5571244877997864,"[1.0, -1.0]","[0.0, 0.0, 0.0]",false,false,A,1000,1.0,mu_true
43,IPW,1.0871523242320782,0.0871523242320782,"[-1.0, 1.0, 0.0, 0.0, -1.0]",,true,,A,1000,1.0,mu_true
43,IPW.fal,0.624497885872905,-0.375502114127095,"[1.0, -1.0]",,false,,A,1000,1.0,mu_true
43,OR,0.9735535898994238,-0.026446410100576245,,"[0.0, 1.0, 2.5, 3.0]",,true,A,1000,1.0,mu_true
43,OR.fal,0.8459418943267807,-0.15405810567321931,,"[0.0, 0.0, 0.0]",,false,A,1000,1.0,mu_true
43,DR,0.996520653000943,-0.0034793469990570536,"[-1.0, 1.0, 0.0, 0.0, -1.0]","[0.0, 1.0, 2.5, 3.0]",true,true,A,1000,1.0,mu_true
43,DR.ofal,1.0939271398105757,0.09392713981057565,"[-1.0, 1.0, 0.0, 0.0, -1.0]","[0.0, 0.0, 0.0]",true,false,A,1000,1.0,mu_true
43,DR.pfal,0.963984417149187,-0.036015582850812966,"[1.0, -1.0]","[0.0, 1.0, 2.5, 3.0]",false,true,A,1000,1.0,mu_true
43,DR.o&pfal,0.8110629874087845,-0.18893701259121554,"[1.0, -1.0]","[0.0, 0.0, 0.0]",false,false,A,1000,1.0,mu_true
44,IPW,1.1547307210458266,0.15473072104582664,"[-1.0, 1.0, 0.0, 0.0, -1.0]",,true,,A,1000,1.0,mu_true
44,IPW.fal,0.6489368138743065,-0.35106318612569354,"[1.0, -1.0]",,false,,A,1000,1.0,mu_true
44,OR,1.1566599324329843,0.15665993243298426,,"[0.0, 1.0, 2.5, 3.0]",,true,A,1000,1.0,mu_true
44,OR.fal,0.8566288113758315,-0.14337118862416853,,"[0.0, 0.0, 0.0]",,false,A,1000,1.0,mu_true
44,DR,1.1494526188819534,0.14945261888195338,"[-1.0, 1.0, 0.0, 0.0, -1.0]","[0.0, 1.0, 2.5, 3.0]",true,true,A,1000,1.0,mu_true
44,DR.ofal,1.151825466859694,0.1518254668596939,"[-1.0, 1.0, 0.0, 0.0, -1.0]","[0.0, 0.0, 0.0]",true,false,A,1000,1.0,mu_true
44,DR.pfal,1.1610645863788926,0.16106458637889265,"[1.0, -1.0]","[0.0, 1.0, 2.5, 3.0]",false,true,A,1000,1.0,mu_true
44,DR.o&pfal,0.7920061921711545,-0.20799380782884547,"[1.0, -1.0]","[0.0, 0.0, 0.0]",false,false,A,1000,1.0,mu_true
45,IPW,0.8514936330561813,-0.1485063669438187,"[-1.0, 1.0, 0.0, 0.0, -1.0]",,true,,A,1000,1.0,mu_true
45,IPW.fal,0.19075967994917667,-0.8092403200508234,"[1.0, -1.0]",,false,,A,1000,1.0,mu_true
45,OR,0.9898055139271098,-0.010194486072890196,,"[0.0, 1.0, 2.5, 3.0]",,true,A,1000,1.0,mu_true
45,OR.fal,0.48390561339068905,-0.516094386609311,,"[0.0, 0.0, 0.0]",,false,A,1000,1.0,mu_true
45,DR,0.9843767301885589,-0.015623269811441132,"[-1.0, 1.0, 0.0, 0.0, -1.0]","[0.0, 1.0, 2.5, 3.0]",true,true,A,1000,1.0,mu_true
45,DR.ofal,0.9297501391901833,-0.07024986080981666,"[-1.0, 1.0, 0.0, 0.0, -1.0]","[0.0, 0.0, 0.0]",true,false,A,1000,1.0,mu_true
45,DR.pfal,1.0084520584724388,0.008452058472438795,"[1.0, -1.0]","[0.0, 1.0, 2.5, 3.0]",false,true,A,1000,1.0,mu_true
45,DR.o&pfal,0.3881249433239406,-0.6118750566760593,"[1.0, -1.0]","[0.0, 0.0, 0.0]",false,false,A,1000,1.0,mu_true
46,IPW,0.8867066624533209,-0.11329333754667914,"[-1.0, 1.0, 0.0, 0.0, -1.0]",,true,,A,1000,1.0,mu_true
46,IPW.fal,0.619055906762613,-0.380944093237387,"[1.0, -1.0]",,false,,A,1000,1.0,mu_true
46,OR,1.0741360982714196,0.07413609827141965,,"[0.0, 1.0, 2.5, 3.0]",,true,A,1000,1.0,mu_true
46,OR.fal,0.8399872338170781,-0.16001276618292193,,"[0.0, 0.0, 0.0]",,false,A,1000,1.0,mu_true
46,DR,1.0521693743183291,0.05216937431832913,"[-1.0, 1.0, 0.0, 0.0, -1.0]","[0.0, 1.0, 2.5, 3.0]",true,true,A,1000,1.0,mu_true
46,DR.ofal,0.926133476869727,-0.07386652313027298,"[-1.0, 1.0, 0.0, 0.0, -1.0]","[0.0, 0.0, 0.0]",true,false,A,1000,1.0,mu_true
46,DR.pfal,1.0558407406654213,0.05584074066542133,"[1.0, -1.0]","[0.0, 1.0, 2.5, 3.0]",false,true,A,1000,1.0,mu_true
46,DR.o&pfal,0.7800978674608356,-0.21990213253916435,"[1.0, -1.0]","[0.0, 0.0, 0.0]",false,false,A,1000,1.0,mu_true
47,IPW,1.0656799363452445,0.0656799363452445,"[-1.0, 1.0, 0.0, 0.0, -1.0]",,true,,A,1000,1.0,mu_true
47,IPW.fal,0.591528071950961,-0.408471928049039,"[1.0, -1.0]",,false,,A,1000,1.0,mu_true
47,OR,0.966493349727964,-0.03350665027203603,,"[0.0, 1.0, 2.5, 3.0]",,true,A,1000,1.0,mu_true
47,OR.fal,0.8184368171989513,-0.18156318280104866,,"[0.0, 0.0, 0.0]",,false,A,1000,1.0,mu_true
47,DR,0.9847651786889294,-0.015234821311070568,"[-1.0, 1.0, 0.0, 0.0, -1.0]","[0.0, 1.0, 2.5, 3.0]",true,true,A,1000,1.0,mu_true
47,DR.ofal,1.0714362728158553,0.0714362728158553,"[-1.0, 1.0, 0.0, 0.0, -1.0]","[0.0, 0.0, 0.0]",true,false,A,1000,1.0,mu_true
47,DR.pfal,0.9578503317181812,-0.042149668281818764,"[1.0, -1.0]","[0.0, 1.0, 2.5, 3.0]",false,true,A,1000,1.0,mu_true
47,DR.o&pfal,0.7529956863932714,-0.2470043136067286,"[1.0, -1.0]","[0.0, 0.0, 0.0]",false,false,A,1000,1.0,mu_true
48,IPW,1.0176969250581294,0.017696925058129365,"[-1.0, 1.0, 0.0, 0.0, -1.0]",,true,,A,1000,1.0,mu_true
48,IPW.fal,0.5498380026447874,-0.45016199735521256,"[1.0, -1.0]",,false,,A,1000,1.0,mu_true
48,OR,0.8686124940372315,-0.1313875059627685,,"[0.0, 1.0, 2.5, 3.0]",,true,A,1000,1.0,mu_true
48,OR.fal,0.6175661831526865,-0.3824338168473135,,"[0.0, 0.0, 0.0]",,false,A,1000,1.0,mu_true
48,DR,0.8702872454368504,-0.12971275456314957,"[-1.0, 1.0, 0.0, 0.0, -1.0]","[0.0, 1.0, 2.5, 3.0]",true,true,A,1000,1.0,mu_true
48,DR.ofal,0.94464666710486,-0.055353332895139995,"[-1.0, 1.0, 0.0, 0.0, -1.0]","[0.0, 0.0, 0.0]",true,false,A,1000,1.0,mu_true
48,DR.pfal,0.8563869678888333,-0.14361303211116672,"[1.0, -1.0]","[0.0, 1.0, 2.5, 3.0]",false,true,A,1000,1.0,mu_true
48,DR.o&pfal,0.5171243709766766,-0.48287562902332337,"[1.0, -1.0]","[0.0, 0.0, 0.0]",false,false,A,1000,1.0,mu_true
49,IPW,1.1090199044066658,0.10901990440666576,"[-1.0, 1.0, 0.0, 0.0, -1.0]",,true,,A,1000,1.0,mu_true
49,IPW.fal,0.36754433659421104,-0.632455663405789,"[1.0, -1.0]",,false,,A,1000,1.0,mu_true
49,OR,0.933198837803375,-0.06680116219662502,,"[0.0, 1.0, 2.5, 3.0]",,true,A,1000,1.0,mu_true
49,OR.fal,0.587019351866909,-0.412980648133091,,"[0.0, 0.0, 0.0]",,false,A,1000,1.0,mu_true
49,DR,0.9105049076664136,-0.08949509233358643,"[-1.0, 1.0, 0.0, 0.0, -1.0]","[0.0, 1.0, 2.5, 3.0]",true,true,A,1000,1.0,mu_true
49,DR.ofal,1.1233547932520882,0.1233547932520882,"[-1.0, 1.0, 0.0, 0.0, -1.0]","[0.0, 0.0, 0.0]",true,false,A,1000,1.0,mu_true
49,DR.pfal,0.9310254879603269,-0.06897451203967309,"[1.0, -1.0]","[0.0, 1.0, 2.5, 3.0]",false,true,A,1000,1.0,mu_true
49,DR.o&pfal,0.4885667739382987,-0.5114332260617013,"[1.0, -1.0]","[0.0, 0.0, 0.0]",false,false,A,1000,1.0,mu_true
50,IPW,0.9019065619486829,-0.0980934380513171,"[-1.0, 1.0, 0.0, 0.0, -1.0]",,true,,A,1000,1.0,mu_true
50,IPW.fal,0.3712998109388986,-0.6287001890611015,"[1.0, -1.0]",,false,,A,1000,1.0,mu_true
50,OR,1.1138039995106779,0.11380399951067788,,"[0.0, 1.0, 2.5, 3.0]",,true,A,1000,1.0,mu_true
50,OR.fal,0.49014377379824026,-0.5098562262017597,,"[0.0, 0.0, 0.0]",,false,A,1000,1.0,mu_true
50,DR,1.1123211106308626,0.11232111063086259,"[-1.0, 1.0, 0.0, 0.0, -1.0]","[0.0, 1.0, 2.5, 3.0]",true,true,A,1000,1.0,mu_true
50,DR.ofal,0.8785884222869131,-0.12141157771308686,"[-1.0, 1.0, 0.0, 0.0, -1.0]","[0.0, 0.0, 0.0]",true,false,A,1000,1.0,mu_true
50,DR.pfal,1.110231320603153,0.1102313206031531,"[1.0, -1.0]","[0.0, 1.0, 2.5, 3.0]",false,true,A,1000,1.0,mu_true
50,DR.o&pfal,0.452854120893165,-0.547145879106835,"[1.0, -1.0]","[0.0, 0.0, 0.0]",false,false,A,1000,1.0,mu_true
51,IPW,0.9804266995990968,-0.019573300400903215,"[-1.0, 1.0, 0.0, 0.0, -1.0]",,true,,A,1000,1.0,mu_true
51,IPW.fal,0.47374421233918285,-0.5262557876608172,"[1.0, -1.0]",,false,,A,1000,1.0,mu_true
51,OR,0.9889196287472282,-0.011080371252771837,,"[0.0, 1.0, 2.5, 3.0]",,true,A,1000,1.0,mu_true
51,OR.fal,0.6608677598337469,-0.3391322401662531,,"[0.0, 0.0, 0.0]",,false,A,1000,1.0,mu_true
51,DR,0.981687765318109,-0.018312234681891026,"[-1.0, 1.0, 0.0, 0.0, -1.0]","[0.0, 1.0, 2.5, 3.0]",true,true,A,1000,1.0,mu_true
51,DR.ofal,0.9897759198292658,-0.010224080170734173,"[-1.0, 1.0, 0.0, 0.0, -1.0]","[0.0, 0.0, 0.0]",true,false,A,1000,1.0,mu_true
51,DR.pfal,0.9914878067275957,-0.008512193272404267,"[1.0, -1.0]","[0.0, 1.0, 2.5, 3.0]",false,true,A,1000,1.0,mu_true
51,DR.o&pfal,0.5719913473175593,-0.4280086526824407,"[1.0, -1.0]","[0.0, 0.0, 0.0]",false,false,A,1000,1.0,mu_true
52,IPW,0.9022202844260553,-0.09777971557394471,"[-1.0, 1.0, 0.0, 0.0, -1.0]",,true,,A,1000,1.0,mu_true
52,IPW.fal,0.5095708401927844,-0.4904291598072156,"[1.0, -1.0]",,false,,A,1000,1.0,mu_true
52,OR,0.9219762910229957,-0.07802370897700428,,"[0.0, 1.0, 2.5, 3.0]",,true,A,1000,1.0,mu_true
52,OR.fal,0.6552953750724757,-0.3447046249275243,,"[0.0, 0.0, 0.0]",,false,A,1000,1.0,mu_true
52,DR,0.9437134289335302,-0.05628657106646984,"[-1.0, 1.0, 0.0, 0.0, -1.0]","[0.0, 1.0, 2.5, 3.0]",true,true,A,1000,1.0,mu_true
52,DR.ofal,0.8775036415338958,-0.12249635846610418,"[-1.0, 1.0, 0.0, 0.0, -1.0]","[0.0, 0.0, 0.0]",true,false,A,1000,1.0,mu_true
52,DR.pfal,0.9189075234202436,-0.08109247657975638,"[1.0, -1.0]","[0.0, 1.0, 2.5, 3.0]",false,true,A,1000,1.0,mu_true
52,DR.o&pfal,0.6198233500742636,-0.3801766499257364,"[1.0, -1.0]","[0.0, 0.0, 0.0]",false,false,A,1000,1.0,mu_true
53,IPW,1.292732900224999,0.292732900224999,"[-1.0, 1.0, 0.0, 0.0, -1.0]",,true,,A,1000,1.0,mu_true
53,IPW.fal,0.4140142304142847,-0.5859857695857154,"[1.0, -1.0]",,false,,A,1000,1.0,mu_true
53,OR,0.9486760246410479,-0.051323975358952056,,"[0.0, 1.0, 2.5, 3.0]",,true,A,1000,1.0,mu_true
53,OR.fal,0.8460909698034049,-0.15390903019659508,,"[0.0, 0.0, 0.0]",,false,A,1000,1.0,mu_true
53,DR,0.9354744476722126,-0.06452555232778745,"[-1.0, 1.0, 0.0, 0.0, -1.0]","[0.0, 1.0, 2.5, 3.0]",true,true,A,1000,1.0,mu_true
53,DR.ofal,1.288258634695011,0.2882586346950109,"[-1.0, 1.0, 0.0, 0.0, -1.0]","[0.0, 0.0, 0.0]",true,false,A,1000,1.0,mu_true
53,DR.pfal,0.930127914447973,-0.06987208555202695,"[1.0, -1.0]","[0.0, 1.0, 2.5, 3.0]",false,true,A,1000,1.0,mu_true
53,DR.o&pfal,0.6775217953205174,-0.3224782046794826,"[1.0, -1.0]","[0.0, 0.0, 0.0]",false,false,A,1000,1.0,mu_true
54,IPW,0.871028770881472,-0.12897122911852799,"[-1.0, 1.0, 0.0, 0.0, -1.0]",,true,,A,1000,1.0,mu_true
54,IPW.fal,0.37465785801205737,-0.6253421419879426,"[1.0, -1.0]",,false,,A,1000,1.0,mu_true
54,OR,0.8392299833693757,-0.1607700166306243,,"[0.0, 1.0, 2.5, 3.0]",,true,A,1000,1.0,mu_true
54,OR.fal,0.4985778107255891,-0.5014221892744108,,"[0.0, 0.0, 0.0]",,false,A,1000,1.0,mu_true
54,DR,0.8341948387356397,-0.1658051612643603,"[-1.0, 1.0, 0.0, 0.0, -1.0]","[0.0, 1.0, 2.5, 3.0]",true,true,A,1000,1.0,mu_true
54,DR.ofal,0.868582271539365,-0.13141772846063504,"[-1.0, 1.0, 0.0, 0.0, -1.0]","[0.0, 0.0, 0.0]",true,false,A,1000,1.0,mu_true
54,DR.pfal,0.8402733571593567,-0.1597266428406433,"[1.0, -1.0]","[0.0, 1.0, 2.5, 3.0]",false,true,A,1000,1.0,mu_true
54,DR.o&pfal,0.42095083210480777,-0.5790491678951922,"[1.0, -1.0]","[0.0, 0.0, 0.0]",false,false,A,1000,1.0,mu_true
55,IPW,0.7974451548917292,-0.20255484510827082,"[-1.0, 1.0, 0.0, 0.0, -1.0]",,true,,A,1000,1.0,mu_true
55,IPW.fal,0.35653924065688186,-0.6434607593431181,"[1.0, -1.0]",,false,,A,1000,1.0,mu_true
55,OR,0.9329050489632077,-0.0670949510367923,,"[0.0, 1.0, 2.5, 3.0]",,true,A,1000,1.0,mu_true
55,OR.fal,0.4455665336825587,-0.5544334663174413,,"[0.0, 0.0, 0.0]",,false,A,1000,1.0,mu_true
55,DR,0.9335537122074307,-0.06644628779256934,"[-1.0, 1.0, 0.0, 0.0, -1.0]","[0.0, 1.0, 2.5, 3.0]",true,true,A,1000,1.0,mu_true
55,DR.ofal,0.7520495679588811,-0.24795043204111888,"[-1.0, 1.0, 0.0, 0.0, -1.0]","[0.0, 0.0, 0.0]",true,false,A,1000,1.0,mu_true
55,DR.pfal,0.9277871338153714,-0.07221286618462863,"[1.0, -1.0]","[0.0, 1.0, 2.5, 3.0]",false,true,A,1000,1.0,mu_true
55,DR.o&pfal,0.38649138748754047,-0.6135086125124596,"[1.0, -1.0]","[0.0, 0.0, 0.0]",false,false,A,1000,1.0,mu_true
56,IPW,1.1638024569155876,0.1638024569155876,"[-1.0, 1.0, 0.0, 0.0, -1.0]",,true,,A,1000,1.0,mu_true
56,IPW.fal,0.5491574241180348,-0.4508425758819652,"[1.0, -1.0]",,false,,A,1000,1.0,mu_true
56,OR,0.8747054614250953,-0.1252945385749047,,"[0.0, 1.0, 2.5, 3.0]",,true,A,1000,1.0,mu_true
56,OR.fal,0.7363840649611145,-0.2636159350388855,,"[0.0, 0.0, 0.0]",,false,A,1000,1.0,mu_true
56,DR,0.8816043625035094,-0.11839563749649062,"[-1.0, 1.0, 0.0, 0.0, -1.0]","[0.0, 1.0, 2.5, 3.0]",true,true,A,1000,1.0,mu_true
56,DR.ofal,1.1447852429413976,0.1447852429413976,"[-1.0, 1.0, 0.0, 0.0, -1.0]","[0.0, 0.0, 0.0]",true,false,A,1000,1.0,mu_true
56,DR.pfal,0.8856146710121191,-0.1143853289878809,"[1.0, -1.0]","[0.0, 1.0, 2.5, 3.0]",false,true,A,1000,1.0,mu_true
56,DR.o&pfal,0.6523574642080449,-0.34764253579195514,"[1.0, -1.0]","[0.0, 0.0, 0.0]",false,false,A,1000,1.0,mu_true
57,IPW,1.0855044978220296,0.08550449782202962,"[-1.0, 1.0, 0.0, 0.0, -1.0]",,true,,A,1000,1.0,mu_true
57,IPW.fal,0.42128452604008676,-0.5787154739599132,"[1.0, -1.0]",,false,,A,1000,1.0,mu_true
57,OR,0.693295630399765,-0.30670436960023495,,"[0.0, 1.0, 2.5, 3.0]",,true,A,1000,1.0,mu_true
57,OR.fal,0.6163753511087882,-0.38362464889121184,,"[0.0, 0.0, 0.0]",,false,A,1000,1.0,mu_true
57,DR,0.7093064200311625,-0.2906935799688375,"[-1.0, 1.0, 0.0, 0.0, -1.0]","[0.0, 1.0, 2.5, 3.0]",true,true,A,1000,1.0,mu_true
57,DR.ofal,1.0859787486917734,0.08597874869177335,"[-1.0, 1.0, 0.0, 0.0, -1.0]","[0.0, 0.0, 0.0]",true,false,A,1000,1.0,mu_true
57,DR.pfal,0.6706046163769768,-0.32939538362302323,"[1.0, -1.0]","[0.0, 1.0, 2.5, 3.0]",false,true,A,1000,1.0,mu_true
57,DR.o&pfal,0.487650603006692,-0.512349396993308,"[1.0, -1.0]","[0.0, 0.0, 0.0]",false,false,A,1000,1.0,mu_true
58,IPW,0.5595695221600462,-0.4404304778399538,"[-1.0, 1.0, 0.0, 0.0, -1.0]",,true,,A,1000,1.0,mu_true
58,IPW.fal,0.16480459291495597,-0.835195407085044,"[1.0, -1.0]",,false,,A,1000,1.0,mu_true
58,OR,0.7386318599961111,-0.26136814000388886,,"[0.0, 1.0, 2.5, 3.0]",,true,A,1000,1.0,mu_true
58,OR.fal,0.24419298465521774,-0.7558070153447822,,"[0.0, 0.0, 0.0]",,false,A,1000,1.0,mu_true
58,DR,0.7456619133988126,-0.2543380866011874,"[-1.0, 1.0, 0.0, 0.0, -1.0]","[0.0, 1.0, 2.5, 3.0]",true,true,A,1000,1.0,mu_true
58,DR.ofal,0.5486273729276929,-0.4513726270723071,"[-1.0, 1.0, 0.0, 0.0, -1.0]","[0.0, 0.0, 0.0]",true,false,A,1000,1.0,mu_true
58,DR.pfal,0.7173492557165371,-0.28265074428346293,"[1.0, -1.0]","[0.0, 1.0, 2.5, 3.0]",false,true,A,1000,1.0,mu_true
58,DR.o&pfal,0.1844661269091358,-0.8155338730908642,"[1.0, -1.0]","[0.0, 0.0, 0.0]",false,false,A,1000,1.0,mu_true
59,IPW,1.1337763744511165,0.13377637445111645,"[-1.0, 1.0, 0.0, 0.0, -1.0]",,true,,A,1000,1.0,mu_true
59,IPW.fal,0.43780774681067497,-0.5621922531893251,"[1.0, -1.0]",,false,,A,1000,1.0,mu_true
59,OR,1.0101046777291671,0.010104677729167122,,"[0.0, 1.0, 2.5, 3.0]",,true,A,1000,1.0,mu_true
59,OR.fal,0.7162177417072655,-0.2837822582927345,,"[0.0, 0.0, 0.0]",,false,A,1000,1.0,mu_true
59,DR,1.0161248379862884,0.016124837986288387,"[-1.0, 1.0, 0.0, 0.0, -1.0]","[0.0, 1.0, 2.5, 3.0]",true,true,A,1000,1.0,mu_true
59,DR.ofal,1.1316139603640127,0.13161396036401274,"[-1.0, 1.0, 0.0, 0.0, -1.0]","[0.0, 0.0, 0.0]",true,false,A,1000,1.0,mu_true
59,DR.pfal,1.0215026031585288,0.02150260315852881,"[1.0, -1.0]","[0.0, 1.0, 2.5, 3.0]",false,true,A,1000,1.0,mu_true
59,DR.o&pfal,0.5710555871488144,-0.42894441285118556,"[1.0, -1.0]","[0.0, 0.0, 0.0]",false,false,A,1000,1.0,mu_true
60,IPW,1.3454833389063834,0.3454833389063834,"[-1.0, 1.0, 0.0, 0.0, -1.0]",,true,,A,1000,1.0,mu_true
60,IPW.fal,0.7589091913332033,-0.24109080866679666,"[1.0, -1.0]",,false,,A,1000,1.0,mu_true
60,OR,1.1934760839249012,0.19347608392490123,,"[0.0, 1.0, 2.5, 3.0]",,true,A,1000,1.0,mu_true
60,OR.fal,1.0945768644452565,0.09457686444525648,,"[0.0, 0.0, 0.0]",,false,A,1000,1.0,mu_true
60,DR,1.1978075753952493,0.1978075753952493,"[-1.0, 1.0, 0.0, 0.0, -1.0]","[0.0, 1.0, 2.5, 3.0]",true,true,A,1000,1.0,mu_true
60,DR.ofal,1.3390031535780427,0.33900315357804267,"[-1.0, 1.0, 0.0, 0.0, -1.0]","[0.0, 0.0, 0.0]",true,false,A,1000,1.0,mu_true
60,DR.pfal,1.183389880824182,0.18338988082418206,"[1.0, -1.0]","[0.0, 1.0, 2.5, 3.0]",false,true,A,1000,1.0,mu_true
60,DR.o&pfal,0.980402487378926,-0.01959751262107401,"[1.0, -1.0]","[0.0, 0.0, 0.0]",false,false,A,1000,1.0,mu_true
61,IPW,1.1776517192737739,0.17765171927377388,"[-1.0, 1.0, 0.0, 0.0, -1.0]",,true,,A,1000,1.0,mu_true
61,IPW.fal,0.41951251280812063,-0.5804874871918794,"[1.0, -1.0]",,false,,A,1000,1.0,mu_true
61,OR,0.9874290978030117,-0.01257090219698831,,"[0.0, 1.0, 2.5, 3.0]",,true,A,1000,1.0,mu_true
61,OR.fal,0.7214712492224705,-0.2785287507775295,,"[0.0, 0.0, 0.0]",,false,A,1000,1.0,mu_true
61,DR,0.991638859127514,-0.008361140872485961,"[-1.0, 1.0, 0.0, 0.0, -1.0]","[0.0, 1.0, 2.5, 3.0]",true,true,A,1000,1.0,mu_true
61,DR.ofal,1.1105075438769234,0.11050754387692341,"[-1.0, 1.0, 0.0, 0.0, -1.0]","[0.0, 0.0, 0.0]",true,false,A,1000,1.0,mu_true
61,DR.pfal,0.9853693776571361,-0.014630622342863941,"[1.0, -1.0]","[0.0, 1.0, 2.5, 3.0]",false,true,A,1000,1.0,mu_true
61,DR.o&pfal,0.6354342500982214,-0.3645657499017786,"[1.0, -1.0]","[0.0, 0.0, 0.0]",false,false,A,1000,1.0,mu_true
62,IPW,1.2201976701490576,0.22019767014905756,"[-1.0, 1.0, 0.0, 0.0, -1.0]",,true,,A,1000,1.0,mu_true
62,IPW.fal,0.8297266531429197,-0.1702733468570803,"[1.0, -1.0]",,false,,A,1000,1.0,mu_true
62,OR,1.1323669295014143,0.13236692950141427,,"[0.0, 1.0, 2.5, 3.0]",,true,A,1000,1.0,mu_true
62,OR.fal,1.2170811536073889,0.2170811536073889,,"[0.0, 0.0, 0.0]",,false,A,1000,1.0,mu_true
62,DR,1.1444887489543345,0.1444887489543345,"[-1.0, 1.0, 0.0, 0.0, -1.0]","[0.0, 1.0, 2.5, 3.0]",true,true,A,1000,1.0,mu_true
62,DR.ofal,1.2286404351564193,0.2286404351564193,"[-1.0, 1.0, 0.0, 0.0, -1.0]","[0.0, 0.0, 0.0]",true,false,A,1000,1.0,mu_true
62,DR.pfal,1.1242922690960706,0.1242922690960706,"[1.0, -1.0]","[0.0, 1.0, 2.5, 3.0]",false,true,A,1000,1.0,mu_true
62,DR.o&pfal,1.1459454927220536,0.1459454927220536,"[1.0, -1.0]","[0.0, 0.0, 0.0]",false,false,A,1000,1.0,mu_true
63,IPW,1.1998225641155795,0.19982256411557953,"[-1.0, 1.0, 0.0, 0.0, -1.0]",,true,,A,1000,1.0,mu_true
63,IPW.fal,0.9894654724744536,-0.0105345275255464,"[1.0, -1.0]",,false,,A,1000,1.0,mu_true
63,OR,1.1362897598049309,0.13628975980493085,,"[0.0, 1.0, 2.5, 3.0]",,true,A,1000,1.0,mu_true
63,OR.fal,1.1049515621815162,0.10495156218151624,,"[0.0, 0.0, 0.0]",,false,A,1000,1.0,mu_true
63,DR,1.1262512853640194,0.12625128536401942,"[-1.0, 1.0, 0.0, 0.0, -1.0]","[0.0, 1.0, 2.5, 3.0]",true,true,A,1000,1.0,mu_true
63,DR.ofal,1.1983545824670991,0.19835458246709914,"[-1.0, 1.0, 0.0, 0.0, -1.0]","[0.0, 0.0, 0.0]",true,false,A,1000,1.0,mu_true
63,DR.pfal,1.1328284631922663,0.13282846319226627,"[1.0, -1.0]","[0.0, 1.0, 2.5, 3.0]",false,true,A,1000,1.0,mu_true
63,DR.o&pfal,1.110188102164208,0.11018810216420794,"[1.0, -1.0]","[0.0, 0.0, 0.0]",false,false,A,1000,1.0,mu_true
64,IPW,0.9351069260885928,-0.0648930739114072,"[-1.0, 1.0, 0.0, 0.0, -1.0]",,true,,A,1000,1.0,mu_true
64,IPW.fal,0.5052014562109883,-0.49479854378901167,"[1.0, -1.0]",,false,,A,1000,1.0,mu_true
64,OR,0.7710343104549919,-0.22896568954500807,,"[0.0, 1.0, 2.5, 3.0]",,true,A,1000,1.0,mu_true
64,OR.fal,0.6026811142217362,-0.3973188857782638,,"[0.0, 0.0, 0.0]",,false,A,1000,1.0,mu_true
64,DR,0.7811101365508614,-0.21888986344913863,"[-1.0, 1.0, 0.0, 0.0, -1.0]","[0.0, 1.0, 2.5, 3.0]",true,true,A,1000,1.0,mu_true
64,DR.ofal,0.8631471033445073,-0.13685289665549272,"[-1.0, 1.0, 0.0, 0.0, -1.0]","[0.0, 0.0, 0.0]",true,false,A,1000,1.0,mu_true
64,DR.pfal,0.7905651666749215,-0.2094348333250785,"[1.0, -1.0]","[0.0, 1.0, 2.5, 3.0]",false,true,A,1000,1.0,mu_true
64,DR.o&pfal,0.5644702998733067,-0.43552970012669334,"[1.0, -1.0]","[0.0, 0.0, 0.0]",false,false,A,1000,1.0,mu_true
65,IPW,0.9057240884178207,-0.0942759115821793,"[-1.0, 1.0, 0.0, 0.0, -1.0]",,true,,A,1000,1.0,mu_true
65,IPW.fal,0.43564723883766887,-0.5643527611623311,"[1.0, -1.0]",,false,,A,1000,1.0,mu_true
65,OR,1.0121581653195033,0.012158165319503311,,"[0.0, 1.0, 2.5, 3.0]",,true,A,1000,1.0,mu_true
65,OR.fal,0.6718564903955409,-0.32814350960445915,,"[0.0, 0.0, 0.0]",,false,A,1000,1.0,mu_true
65,DR,1.0083902463211785,0.008390246321178463,"[-1.0, 1.0, 0.0, 0.0, -1.0]","[0.0, 1.0, 2.5, 3.0]",true,true,A,1000,1.0,mu_true
65,DR.ofal,0.9279405367858327,-0.07205946321416734,"[-1.0, 1.0, 0.0, 0.0, -1.0]","[0.0, 0.0, 0.0]",true,false,A,1000,1.0,mu_true
65,DR.pfal,1.0149964060938563,0.01499640609385633,"[1.0, -1.0]","[0.0, 1.0, 2.5, 3.0]",false,true,A,1000,1.0,mu_true
65,DR.o&pfal,0.5992103513003054,-0.4007896486996946,"[1.0, -1.0]","[0.0, 0.0, 0.0]",false,false,A,1000,1.0,mu_true
66,IPW,1.2027380224236308,0.20273802242363081,"[-1.0, 1.0, 0.0, 0.0, -1.0]",,true,,A,1000,1.0,mu_true
66,IPW.fal,0.7244291006576163,-0.27557089934238366,"[1.0, -1.0]",,false,,A,1000,1.0,mu_true
66,OR,1.2449917517688769,0.2449917517688769,,"[0.0, 1.0, 2.5, 3.0]",,true,A,1000,1.0,mu_true
66,OR.fal,0.8750913357219514,-0.12490866427804859,,"[0.0, 0.0, 0.0]",,false,A,1000,1.0,mu_true
66,DR,1.2549690342487665,0.2549690342487665,"[-1.0, 1.0, 0.0, 0.0, -1.0]","[0.0, 1.0, 2.5, 3.0]",true,true,A,1000,1.0,mu_true
66,DR.ofal,1.2045217847357332,0.20452178473573324,"[-1.0, 1.0, 0.0, 0.0, -1.0]","[0.0, 0.0, 0.0]",true,false,A,1000,1.0,mu_true
66,DR.pfal,1.2424195307252623,0.24241953072526234,"[1.0, -1.0]","[0.0, 1.0, 2.5, 3.0]",false,true,A,1000,1.0,mu_true
66,DR.o&pfal,0.8491815580022708,-0.1508184419977292,"[1.0, -1.0]","[0.0, 0.0, 0.0]",false,false,A,1000,1.0,mu_true
67,IPW,0.7107461683386416,-0.28925383166135843,"[-1.0, 1.0, 0.0, 0.0, -1.0]",,true,,A,1000,1.0,mu_true
67,IPW.fal,0.34310742032127484,-0.6568925796787252,"[1.0, -1.0]",,false,,A,1000,1.0,mu_true
67,OR,0.8926949150856615,-0.10730508491433854,,"[0.0, 1.0, 2.5, 3.0]",,true,A,1000,1.0,mu_true
67,OR.fal,0.5044282828076692,-0.49557171719233084,,"[0.0, 0.0, 0.0]",,false,A,1000,1.0,mu_true
67,DR,0.9060827822646172,-0.09391721773538275,"[-1.0, 1.0, 0.0, 0.0, -1.0]","[0.0, 1.0, 2.5, 3.0]",true,true,A,1000,1.0,mu_true
67,DR.ofal,0.7222734259180783,-0.2777265740819217,"[-1.0, 1.0, 0.0, 0.0, -1.0]","[0.0, 0.0, 0.0]",true,false,A,1000,1.0,mu_true
67,DR.pfal,0.8815364766130784,-0.11846352338692157,"[1.0, -1.0]","[0.0, 1.0, 2.5, 3.0]",false,true,A,1000,1.0,mu_true
67,DR.o&pfal,0.4323051261759757,-0.5676948738240243,"[1.0, -1.0]","[0.0, 0.0, 0.0]",false,false,A,1000,1.0,mu_true
68,IPW,0.7587726471865289,-0.24122735281347107,"[-1.0, 1.0, 0.0, 0.0, -1.0]",,true,,A,1000,1.0,mu_true
68,IPW.fal,0.4666889019130737,-0.5333110980869262,"[1.0, -1.0]",,false,,A,1000,1.0,mu_true
68,OR,0.8047116786054151,-0.19528832139458485,,"[0.0, 1.0, 2.5, 3.0]",,true,A,1000,1.0,mu_true
68,OR.fal,0.6879529105686799,-0.3120470894313201,,"[0.0, 0.0, 0.0]",,false,A,1000,1.0,mu_true
68,DR,0.7879113971206865,-0.21208860287931353,"[-1.0, 1.0, 0.0, 0.0, -1.0]","[0.0, 1.0, 2.5, 3.0]",true,true,A,1000,1.0,mu_true
68,DR.ofal,0.7568270471174178,-0.24317295288258223,"[-1.0, 1.0, 0.0, 0.0, -1.0]","[0.0, 0.0, 0.0]",true,false,A,1000,1.0,mu_true
68,DR.pfal,0.8028380493184144,-0.1971619506815856,"[1.0, -1.0]","[0.0, 1.0, 2.5, 3.0]",false,true,A,1000,1.0,mu_true
68,DR.o&pfal,0.6081481061989671,-0.3918518938010329,"[1.0, -1.0]","[0.0, 0.0, 0.0]",false,false,A,1000,1.0,mu_true
69,IPW,1.1331036898691997,0.13310368986919974,"[-1.0, 1.0, 0.0, 0.0, -1.0]",,true,,A,1000,1.0,mu_true
69,IPW.fal,0.5142356403356844,-0.48576435966431564,"[1.0, -1.0]",,false,,A,1000,1.0,mu_true
69,OR,1.1445861707986773,0.1445861707986773,,"[0.0, 1.0, 2.5, 3.0]",,true,A,1000,1.0,mu_true
69,OR.fal,0.7661598990155999,-0.2338401009844001,,"[0.0, 0.0, 0.0]",,false,A,1000,1.0,mu_true
69,DR,1.145031055815165,0.14503105581516507,"[-1.0, 1.0, 0.0, 0.0, -1.0]","[0.0, 1.0, 2.5, 3.0]",true,true,A,1000,1.0,mu_true
69,DR.ofal,1.1191036811585813,0.11910368115858128,"[-1.0, 1.0, 0.0, 0.0, -1.0]","[0.0, 0.0, 0.0]",true,false,A,1000,1.0,mu_true
69,DR.pfal,1.1507380241488108,0.15073802414881077,"[1.0, -1.0]","[0.0, 1.0, 2.5, 3.0]",false,true,A,1000,1.0,mu_true
69,DR.o&pfal,0.6567021079365684,-0.34329789206343164,"[1.0, -1.0]","[0.0, 0.0, 0.0]",false,false,A,1000,1.0,mu_true
70,IPW,0.6309690079756587,-0.3690309920243413,"[-1.0, 1.0, 0.0, 0.0, -1.0]",,true,,A,1000,1.0,mu_true
70,IPW.fal,0.21586103285471958,-0.7841389671452804,"[1.0, -1.0]",,false,,A,1000,1.0,mu_true
70,OR,0.8016153099031306,-0.19838469009686943,,"[0.0, 1.0, 2.5, 3.0]",,true,A,1000,1.0,mu_true
70,OR.fal,0.3251756554869301,-0.6748243445130699,,"[0.0, 0.0, 0.0]",,false,A,1000,1.0,mu_true
70,DR,0.7865513342146622,-0.21344866578533783,"[-1.0, 1.0, 0.0, 0.0, -1.0]","[0.0, 1.0, 2.5, 3.0]",true,true,A,1000,1.0,mu_true
70,DR.ofal,0.6490326219329285,-0.35096737806707146,"[-1.0, 1.0, 0.0, 0.0, -1.0]","[0.0, 0.0, 0.0]",true,false,A,1000,1.0,mu_true
70,DR.pfal,0.8062591902987116,-0.19374080970128837,"[1.0, -1.0]","[0.0, 1.0, 2.5, 3.0]",false,true,A,1000,1.0,mu_true
70,DR.o&pfal,0.22789609709025085,-0.7721039029097492,"[1.0, -1.0]","[0.0, 0.0, 0.0]",false,false,A,1000,1.0,mu_true
71,IPW,0.8902504342701898,-0.1097495657298102,"[-1.0, 1.0, 0.0, 0.0, -1.0]",,true,,A,1000,1.0,mu_true
71,IPW.fal,0.33331030629713165,-0.6666896937028683,"[1.0, -1.0]",,false,,A,1000,1.0,mu_true
71,OR,1.0626019265362907,0.06260192653629071,,"[0.0, 1.0, 2.5, 3.0]",,true,A,1000,1.0,mu_true
71,OR.fal,0.5313995134216111,-0.46860048657838893,,"[0.0, 0.0, 0.0]",,false,A,1000,1.0,mu_true
71,DR,1.0669178388776772,0.06691783887767722,"[-1.0, 1.0, 0.0, 0.0, -1.0]","[0.0, 1.0, 2.5, 3.0]",true,true,A,1000,1.0,mu_true
71,DR.ofal,0.8537650146707513,-0.14623498532924872,"[-1.0, 1.0, 0.0, 0.0, -1.0]","[0.0, 0.0, 0.0]",true,false,A,1000,1.0,mu_true
71,DR.pfal,1.0652231568035775,0.06522315680357749,"[1.0, -1.0]","[0.0, 1.0, 2.5, 3.0]",false,true,A,1000,1.0,mu_true
71,DR.o&pfal,0.45070309161530103,-0.549296908384699,"[1.0, -1.0]","[0.0, 0.0, 0.0]",false,false,A,1000,1.0,mu_true
72,IPW,1.2212324880458088,0.22123248804580875,"[-1.0, 1.0, 0.0, 0.0, -1.0]",,true,,A,1000,1.0,mu_true
72,IPW.fal,0.7372835183001689,-0.2627164816998311,"[1.0, -1.0]",,false,,A,1000,1.0,mu_true
72,OR,1.0437499682547269,0.04374996825472688,,"[0.0, 1.0, 2.5, 3.0]",,true,A,1000,1.0,mu_true
72,OR.fal,0.9568841224434812,-0.0431158775565188,,"[0.0, 0.0, 0.0]",,false,A,1000,1.0,mu_true
72,DR,1.0369257745832188,0.03692577458321877,"[-1.0, 1.0, 0.0, 0.0, -1.0]","[0.0, 1.0, 2.5, 3.0]",true,true,A,1000,1.0,mu_true
72,DR.ofal,1.215432954457153,0.21543295445715294,"[-1.0, 1.0, 0.0, 0.0, -1.0]","[0.0, 0.0, 0.0]",true,false,A,1000,1.0,mu_true
72,DR.pfal,1.0420372693435591,0.042037269343559114,"[1.0, -1.0]","[0.0, 1.0, 2.5, 3.0]",false,true,A,1000,1.0,mu_true
72,DR.o&pfal,0.8613077825769292,-0.1386922174230708,"[1.0, -1.0]","[0.0, 0.0, 0.0]",false,false,A,1000,1.0,mu_true
73,IPW,0.7246618207899811,-0.2753381792100189,"[-1.0, 1.0, 0.0, 0.0, -1.0]",,true,,A,1000,1.0,mu_true
73,IPW.fal,0.16512168613622843,-0.8348783138637715,"[1.0, -1.0]",,false,,A,1000,1.0,mu_true
73,OR,0.9547980982613762,-0.04520190173862382,,"[0.0, 1.0, 2.5, 3.0]",,true,A,1000,1.0,mu_true
73,OR.fal,0.26790751404003754,-0.7320924859599625,,"[0.0, 0.0, 0.0]",,false,A,1000,1.0,mu_true
73,DR,0.955239536277964,-0.044760463722036015,"[-1.0, 1.0, 0.0, 0.0, -1.0]","[0.0, 1.0, 2.5, 3.0]",true,true,A,1000,1.0,mu_true
73,DR.ofal,0.7186083001116658,-0.28139169988833423,"[-1.0, 1.0, 0.0, 0.0, -1.0]","[0.0, 0.0, 0.0]",true,false,A,1000,1.0,mu_true
73,DR.pfal,0.9556987045439266,-0.04430129545607342,"[1.0, -1.0]","[0.0, 1.0, 2.5, 3.0]",false,true,A,1000,1.0,mu_true
73,DR.o&pfal,0.19160232480346606,-0.8083976751965339,"[1.0, -1.0]","[0.0, 0.0, 0.0]",false,false,A,1000,1.0,mu_true
74,IPW,0.8890053624097768,-0.11099463759022321,"[-1.0, 1.0, 0.0, 0.0, -1.0]",,true,,A,1000,1.0,mu_true
74,IPW.fal,0.42044501839586645,-0.5795549816041335,"[1.0, -1.0]",,false,,A,1000,1.0,mu_true
74,OR,0.9755988310358666,-0.024401168964133357,,"[0.0, 1.0, 2.5, 3.0]",,true,A,1000,1.0,mu_true
74,OR.fal,0.569181773133359,-0.43081822686664095,,"[0.0, 0.0, 0.0]",,false,A,1000,1.0,mu_true
74,DR,0.9629858044889916,-0.037014195511008374,"[-1.0, 1.0, 0.0, 0.0, -1.0]","[0.0, 1.0, 2.5, 3.0]",true,true,A,1000,1.0,mu_true
74,DR.ofal,0.8810630916026305,-0.11893690839736948,"[-1.0, 1.0, 0.0, 0.0, -1.0]","[0.0, 0.0, 0.0]",true,false,A,1000,1.0,mu_true
74,DR.pfal,0.9789832020081388,-0.02101679799186118,"[1.0, -1.0]","[0.0, 1.0, 2.5, 3.0]",false,true,A,1000,1.0,mu_true
74,DR.o&pfal,0.5047654359949306,-0.4952345640050694,"[1.0, -1.0]","[0.0, 0.0, 0.0]",false,false,A,1000,1.0,mu_true
75,IPW,0.8374915311731171,-0.16250846882688286,"[-1.0, 1.0, 0.0, 0.0, -1.0]",,true,,A,1000,1.0,mu_true
75,IPW.fal,0.5288647873994976,-0.4711352126005024,"[1.0, -1.0]",,false,,A,1000,1.0,mu_true
75,OR,0.8969269441706393,-0.10307305582936066,,"[0.0, 1.0, 2.5, 3.0]",,true,A,1000,1.0,mu_true
75,OR.fal,0.5915894470415588,-0.4084105529584412,,"[0.0, 0.0, 0.0]",,false,A,1000,1.0,mu_true
75,DR,0.8919240396999774,-0.10807596030002264,"[-1.0, 1.0, 0.0, 0.0, -1.0]","[0.0, 1.0, 2.5, 3.0]",true,true,A,1000,1.0,mu_true
75,DR.ofal,0.8029422079286053,-0.19705779207139473,"[-1.0, 1.0, 0.0, 0.0, -1.0]","[0.0, 0.0, 0.0]",true,false,A,1000,1.0,mu_true
75,DR.pfal,0.8893839784357328,-0.1106160215642672,"[1.0, -1.0]","[0.0, 1.0, 2.5, 3.0]",false,true,A,1000,1.0,mu_true
75,DR.o&pfal,0.5373853949242013,-0.46261460507579866,"[1.0, -1.0]","[0.0, 0.0, 0.0]",false,false,A,1000,1.0,mu_true
76,IPW,0.805172250471926,-0.19482774952807402,"[-1.0, 1.0, 0.0, 0.0, -1.0]",,true,,A,1000,1.0,mu_true
76,IPW.fal,0.2935053791623544,-0.7064946208376456,"[1.0, -1.0]",,false,,A,1000,1.0,mu_true
76,OR,0.8597104750338254,-0.14028952496617464,,"[0.0, 1.0, 2.5, 3.0]",,true,A,1000,1.0,mu_true
76,OR.fal,0.46566603594300443,-0.5343339640569955,,"[0.0, 0.0, 0.0]",,false,A,1000,1.0,mu_true
76,DR,0.8640760311597441,-0.13592396884025593,"[-1.0, 1.0, 0.0, 0.0, -1.0]","[0.0, 1.0, 2.5, 3.0]",true,true,A,1000,1.0,mu_true
76,DR.ofal,0.7901638280425689,-0.2098361719574311,"[-1.0, 1.0, 0.0, 0.0, -1.0]","[0.0, 0.0, 0.0]",true,false,A,1000,1.0,mu_true
76,DR.pfal,0.8617277534915085,-0.13827224650849146,"[1.0, -1.0]","[0.0, 1.0, 2.5, 3.0]",false,true,A,1000,1.0,mu_true
76,DR.o&pfal,0.38971313403369334,-0.6102868659663067,"[1.0, -1.0]","[0.0, 0.0, 0.0]",false,false,A,1000,1.0,mu_true
77,IPW,1.5284645811020967,0.5284645811020967,"[-1.0, 1.0, 0.0, 0.0, -1.0]",,true,,A,1000,1.0,mu_true
77,IPW.fal,0.8734887960741635,-0.12651120392583648,"[1.0, -1.0]",,false,,A,1000,1.0,mu_true
77,OR,1.2126784492828087,0.21267844928280866,,"[0.0, 1.0, 2.5, 3.0]",,true,A,1000,1.0,mu_true
77,OR.fal,1.0765402816355867,0.07654028163558668,,"[0.0, 0.0, 0.0]",,false,A,1000,1.0,mu_true
77,DR,1.1934908159664392,0.19349081596643924,"[-1.0, 1.0, 0.0, 0.0, -1.0]","[0.0, 1.0, 2.5, 3.0]",true,true,A,1000,1.0,mu_true
77,DR.ofal,1.5505277941872155,0.5505277941872155,"[-1.0, 1.0, 0.0, 0.0, -1.0]","[0.0, 0.0, 0.0]",true,false,A,1000,1.0,mu_true
77,DR.pfal,1.2173332404173143,0.21733324041731428,"[1.0, -1.0]","[0.0, 1.0, 2.5, 3.0]",false,true,A,1000,1.0,mu_true
77,DR.o&pfal,1.0427099413615675,0.04270994136156747,"[1.0, -1.0]","[0.0, 0.0, 0.0]",false,false,A,1000,1.0,mu_true
78,IPW,1.158002460528338,0.1580024605283381,"[-1.0, 1.0, 0.0, 0.0, -1.0]",,true,,A,1000,1.0,mu_true
78,IPW.fal,0.46914379620946817,-0.5308562037905318,"[1.0, -1.0]",,false,,A,1000,1.0,mu_true
78,OR,1.2875460307546291,0.28754603075462914,,"[0.0, 1.0, 2.5, 3.0]",,true,A,1000,1.0,mu_true
78,OR.fal,0.6735512315470104,-0.32644876845298965,,"[0.0, 0.0, 0.0]",,false,A,1000,1.0,mu_true
78,DR,1.3018501331209673,0.3018501331209673,"[-1.0, 1.0, 0.0, 0.0, -1.0]","[0.0, 1.0, 2.5, 3.0]",true,true,A,1000,1.0,mu_true
78,DR.ofal,1.1644330816661508,0.16443308166615078,"[-1.0, 1.0, 0.0, 0.0, -1.0]","[0.0, 0.0, 0.0]",true,false,A,1000,1.0,mu_true
78,DR.pfal,1.2791257821443276,0.2791257821443276,"[1.0, -1.0]","[0.0, 1.0, 2.5, 3.0]",false,true,A,1000,1.0,mu_true
78,DR.o&pfal,0.6028298384416205,-0.3971701615583795,"[1.0, -1.0]","[0.0, 0.0, 0.0]",false,false,A,1000,1.0,mu_true
79,IPW,0.9210642128668587,-0.07893578713314131,"[-1.0, 1.0, 0.0, 0.0, -1.0]",,true,,A,1000,1.0,mu_true
79,IPW.fal,0.4599114667515638,-0.5400885332484362,"[1.0, -1.0]",,false,,A,1000,1.0,mu_true
79,OR,1.0909352568507247,0.09093525685072468,,"[0.0, 1.0, 2.5, 3.0]",,true,A,1000,1.0,mu_true
79,OR.fal,0.5853772870261712,-0.4146227129738288,,"[0.0, 0.0, 0.0]",,false,A,1000,1.0,mu_true
79,DR,1.0799067914436455,0.07990679144364554,"[-1.0, 1.0, 0.0, 0.0, -1.0]","[0.0, 1.0, 2.5, 3.0]",true,true,A,1000,1.0,mu_true
79,DR.ofal,0.9189375352924766,-0.08106246470752343,"[-1.0, 1.0, 0.0, 0.0, -1.0]","[0.0, 0.0, 0.0]",true,false,A,1000,1.0,mu_true
79,DR.pfal,1.0881825767365476,0.08818257673654761,"[1.0, -1.0]","[0.0, 1.0, 2.5, 3.0]",false,true,A,1000,1.0,mu_true
79,DR.o&pfal,0.5274007492468498,-0.47259925075315024,"[1.0, -1.0]","[0.0, 0.0, 0.0]",false,false,A,1000,1.0,mu_true
80,IPW,1.0023854249653552,0.0023854249653552095,"[-1.0, 1.0, 0.0, 0.0, -1.0]",,true,,A,1000,1.0,mu_true
80,IPW.fal,0.5258849648476724,-0.47411503515232756,"[1.0, -1.0]",,false,,A,1000,1.0,mu_true
80,OR,1.2555564264248178,0.2555564264248178,,"[0.0, 1.0, 2.5, 3.0]",,true,A,1000,1.0,mu_true
80,OR.fal,0.7347130141936445,-0.26528698580635546,,"[0.0, 0.0, 0.0]",,false,A,1000,1.0,mu_true
80,DR,1.269873500202455,0.26987350020245504,"[-1.0, 1.0, 0.0, 0.0, -1.0]","[0.0, 1.0, 2.5, 3.0]",true,true,A,1000,1.0,mu_true
80,DR.ofal,0.9799868256626966,-0.02001317433730343,"[-1.0, 1.0, 0.0, 0.0, -1.0]","[0.0, 0.0, 0.0]",true,false,A,1000,1.0,mu_true
80,DR.pfal,1.252116983048682,0.252116983048682,"[1.0, -1.0]","[0.0, 1.0, 2.5, 3.0]",false,true,A,1000,1.0,mu_true
80,DR.o&pfal,0.6524721424183295,-0.3475278575816705,"[1.0, -1.0]","[0.0, 0.0, 0.0]",false,false,A,1000,1.0,mu_true
81,IPW,0.7653673227626121,-0.2346326772373879,"[-1.0, 1.0, 0.0, 0.0, -1.0]",,true,,A,1000,1.0,mu_true
81,IPW.fal,0.1667053853021258,-0.8332946146978741,"[1.0, -1.0]",,false,,A,1000,1.0,mu_true
81,OR,1.0626522831835647,0.06265228318356475,,"[0.0, 1.0, 2.5, 3.0]",,true,A,1000,1.0,mu_true
81,OR.fal,0.278610692952564,-0.721389307047436,,"[0.0, 0.0, 0.0]",,false,A,1000,1.0,mu_true
81,DR,1.084008463312838,0.08400846331283796,"[-1.0, 1.0, 0.0, 0.0, -1.0]","[0.0, 1.0, 2.5, 3.0]",true,true,A,1000,1.0,mu_true
81,DR.ofal,0.676872790963214,-0.32312720903678605,"[-1.0, 1.0, 0.0, 0.0, -1.0]","[0.0, 0.0, 0.0]",true,false,A,1000,1.0,mu_true
81,DR.pfal,1.0515683691235047,0.05156836912350471,"[1.0, -1.0]","[0.0, 1.0, 2.5, 3.0]",false,true,A,1000,1.0,mu_true
81,DR.o&pfal,0.16235961818682157,-0.8376403818131785,"[1.0, -1.0]","[0.0, 0.0, 0.0]",false,false,A,1000,1.0,mu_true
82,IPW,1.1370499006456003,0.1370499006456003,"[-1.0, 1.0, 0.0, 0.0, -1.0]",,true,,A,1000,1.0,mu_true
82,IPW.fal,0.6883916631938528,-0.3116083368061472,"[1.0, -1.0]",,false,,A,1000,1.0,mu_true
82,OR,0.9719018372886025,-0.028098162711397534,,"[0.0, 1.0, 2.5, 3.0]",,true,A,1000,1.0,mu_true
82,OR.fal,0.9017548737288217,-0.09824512627117832,,"[0.0, 0.0, 0.0]",,false,A,1000,1.0,mu_true
82,DR,0.9535141060006319,-0.04648589399936809,"[-1.0, 1.0, 0.0, 0.0, -1.0]","[0.0, 1.0, 2.5, 3.0]",true,true,A,1000,1.0,mu_true
82,DR.ofal,1.104473009032416,0.10447300903241596,"[-1.0, 1.0, 0.0, 0.0, -1.0]","[0.0, 0.0, 0.0]",true,false,A,1000,1.0,mu_true
82,DR.pfal,0.9762803683386192,-0.023719631661380802,"[1.0, -1.0]","[0.0, 1.0, 2.5, 3.0]",false,true,A,1000,1.0,mu_true
82,DR.o&pfal,0.9127335707259079,-0.08726642927409212,"[1.0, -1.0]","[0.0, 0.0, 0.0]",false,false,A,1000,1.0,mu_true
83,IPW,0.7075845329413871,-0.2924154670586129,"[-1.0, 1.0, 0.0, 0.0, -1.0]",,true,,A,1000,1.0,mu_true
83,IPW.fal,0.1190402479613468,-0.8809597520386532,"[1.0, -1.0]",,false,,A,1000,1.0,mu_true
83,OR,0.9235094055918602,-0.07649059440813977,,"[0.0, 1.0, 2.5, 3.0]",,true,A,1000,1.0,mu_true
83,OR.fal,0.31820749470823684,-0.6817925052917632,,"[0.0, 0.0, 0.0]",,false,A,1000,1.0,mu_true
83,DR,0.9334931149804986,-0.06650688501950142,"[-1.0, 1.0, 0.0, 0.0, -1.0]","[0.0, 1.0, 2.5, 3.0]",true,true,A,1000,1.0,mu_true
83,DR.ofal,0.6823424504702917,-0.31765754952970826,"[-1.0, 1.0, 0.0, 0.0, -1.0]","[0.0, 0.0, 0.0]",true,false,A,1000,1.0,mu_true
83,DR.pfal,0.9121760257789843,-0.08782397422101573,"[1.0, -1.0]","[0.0, 1.0, 2.5, 3.0]",false,true,A,1000,1.0,mu_true
83,DR.o&pfal,0.17363923184427726,-0.8263607681557228,"[1.0, -1.0]","[0.0, 0.0, 0.0]",false,false,A,1000,1.0,mu_true
84,IPW,0.5130972914455822,-0.48690270855441775,"[-1.0, 1.0, 0.0, 0.0, -1.0]",,true,,A,1000,1.0,mu_true
84,IPW.fal,-0.03469457773016538,-1.0346945777301655,"[1.0, -1.0]",,false,,A,1000,1.0,mu_true
84,OR,0.8852812493644306,-0.11471875063556936,,"[0.0, 1.0, 2.5, 3.0]",,true,A,1000,1.0,mu_true
84,OR.fal,0.07511928553780231,-0.9248807144621977,,"[0.0, 0.0, 0.0]",,false,A,1000,1.0,mu_true
84,DR,0.8994058026159588,-0.10059419738404118,"[-1.0, 1.0, 0.0, 0.0, -1.0]","[0.0, 1.0, 2.5, 3.0]",true,true,A,1000,1.0,mu_true
84,DR.ofal,0.491475067367013,-0.508524932632987,"[-1.0, 1.0, 0.0, 0.0, -1.0]","[0.0, 0.0, 0.0]",true,false,A,1000,1.0,mu_true
84,DR.pfal,0.8924274692297195,-0.1075725307702805,"[1.0, -1.0]","[0.0, 1.0, 2.5, 3.0]",false,true,A,1000,1.0,mu_true
84,DR.o&pfal,-0.06973436628604185,-1.069734366286042,"[1.0, -1.0]","[0.0, 0.0, 0.0]",false,false,A,1000,1.0,mu_true
85,IPW,1.0603906767080948,0.06039067670809484,"[-1.0, 1.0, 0.0, 0.0, -1.0]",,true,,A,1000,1.0,mu_true
85,IPW.fal,0.4650951273797083,-0.5349048726202916,"[1.0, -1.0]",,false,,A,1000,1.0,mu_true
85,OR,1.0137134907864038,0.013713490786403826,,"[0.0, 1.0, 2.5, 3.0]",,true,A,1000,1.0,mu_true
85,OR.fal,0.6341313743344485,-0.36586862566555145,,"[0.0, 0.0, 0.0]",,false,A,1000,1.0,mu_true
85,DR,1.0045110276195877,0.00451102761958766,"[-1.0, 1.0, 0.0, 0.0, -1.0]","[0.0, 1.0, 2.5, 3.0]",true,true,A,1000,1.0,mu_true
85,DR.ofal,1.0643449521699004,0.06434495216990044,"[-1.0, 1.0, 0.0, 0.0, -1.0]","[0.0, 0.0, 0.0]",true,false,A,1000,1.0,mu_true
85,DR.pfal,1.0232922276508543,0.023292227650854258,"[1.0, -1.0]","[0.0, 1.0, 2.5, 3.0]",false,true,A,1000,1.0,mu_true
85,DR.o&pfal,0.6123154513681552,-0.38768454863184476,"[1.0, -1.0]","[0.0, 0.0, 0.0]",false,false,A,1000,1.0,mu_true
86,IPW,0.6665302817936198,-0.33346971820638016,"[-1.0, 1.0, 0.0, 0.0, -1.0]",,true,,A,1000,1.0,mu_true
86,IPW.fal,0.17963580116591868,-0.8203641988340813,"[1.0, -1.0]",,false,,A,1000,1.0,mu_true
86,OR,1.0078998771959329,0.00789987719593288,,"[0.0, 1.0, 2.5, 3.0]",,true,A,1000,1.0,mu_true
86,OR.fal,0.3797545002915353,-0.6202454997084648,,"[0.0, 0.0, 0.0]",,false,A,1000,1.0,mu_true
86,DR,1.0030825873463884,0.0030825873463884434,"[-1.0, 1.0, 0.0, 0.0, -1.0]","[0.0, 1.0, 2.5, 3.0]",true,true,A,1000,1.0,mu_true
86,DR.ofal,0.6734974581145214,-0.32650254188547856,"[-1.0, 1.0, 0.0, 0.0, -1.0]","[0.0, 0.0, 0.0]",true,false,A,1000,1.0,mu_true
86,DR.pfal,1.0061386037318432,0.006138603731843162,"[1.0, -1.0]","[0.0, 1.0, 2.5, 3.0]",false,true,A,1000,1.0,mu_true
86,DR.o&pfal,0.3106594756204613,-0.6893405243795387,"[1.0, -1.0]","[0.0, 0.0, 0.0]",false,false,A,1000,1.0,mu_true
87,IPW,0.5168576150207638,-0.48314238497923623,"[-1.0, 1.0, 0.0, 0.0, -1.0]",,true,,A,1000,1.0,mu_true
87,IPW.fal,0.05094055595222016,-0.9490594440477799,"[1.0, -1.0]",,false,,A,1000,1.0,mu_true
87,OR,0.6741684469414714,-0.3258315530585286,,"[0.0, 1.0, 2.5, 3.0]",,true,A,1000,1.0,mu_true
87,OR.fal,0.201571113184467,-0.798428886815533,,"[0.0, 0.0, 0.0]",,false,A,1000,1.0,mu_true
87,DR,0.6857279358827707,-0.3142720641172293,"[-1.0, 1.0, 0.0, 0.0, -1.0]","[0.0, 1.0, 2.5, 3.0]",true,true,A,1000,1.0,mu_true
87,DR.ofal,0.4368467644282392,-0.5631532355717608,"[-1.0, 1.0, 0.0, 0.0, -1.0]","[0.0, 0.0, 0.0]",true,false,A,1000,1.0,mu_true
87,DR.pfal,0.6623633859265617,-0.33763661407343826,"[1.0, -1.0]","[0.0, 1.0, 2.5, 3.0]",false,true,A,1000,1.0,mu_true
87,DR.o&pfal,0.060658616336367,-0.939341383663633,"[1.0, -1.0]","[0.0, 0.0, 0.0]",false,false,A,1000,1.0,mu_true
88,IPW,0.9913786947357859,-0.008621305264214119,"[-1.0, 1.0, 0.0, 0.0, -1.0]",,true,,A,1000,1.0,mu_true
88,IPW.fal,0.4555295999442991,-0.5444704000557009,"[1.0, -1.0]",,false,,A,1000,1.0,mu_true
88,OR,0.9709488599843521,-0.029051140015647903,,"[0.0, 1.0, 2.5, 3.0]",,true,A,1000,1.0,mu_true
88,OR.fal,0.6863936149347687,-0.3136063850652313,,"[0.0, 0.0, 0.0]",,false,A,1000,1.0,mu_true
88,DR,0.9832207969621296,-0.016779203037870394,"[-1.0, 1.0, 0.0, 0.0, -1.0]","[0.0, 1.0, 2.5, 3.0]",true,true,A,1000,1.0,mu_true
88,DR.ofal,0.9924260445293218,-0.007573955470678184,"[-1.0, 1.0, 0.0, 0.0, -1.0]","[0.0, 0.0, 0.0]",true,false,A,1000,1.0,mu_true
88,DR.pfal,0.9643244478692007,-0.035675552130799315,"[1.0, -1.0]","[0.0, 1.0, 2.5, 3.0]",false,true,A,1000,1.0,mu_true
88,DR.o&pfal,0.6186422720638314,-0.3813577279361686,"[1.0, -1.0]","[0.0, 0.0, 0.0]",false,false,A,1000,1.0,mu_true
89,IPW,1.0237918029967419,0.023791802996741884,"[-1.0, 1.0, 0.0, 0.0, -1.0]",,true,,A,1000,1.0,mu_true
89,IPW.fal,0.3531831387237301,-0.6468168612762699,"[1.0, -1.0]",,false,,A,1000,1.0,mu_true
89,OR,1.0438682161072497,0.04386821610724967,,"[0.0, 1.0, 2.5, 3.0]",,true,A,1000,1.0,mu_true
89,OR.fal,0.5576642006384651,-0.4423357993615349,,"[0.0, 0.0, 0.0]",,false,A,1000,1.0,mu_true
89,DR,1.0536273843131088,0.05362738431310876,"[-1.0, 1.0, 0.0, 0.0, -1.0]","[0.0, 1.0, 2.5, 3.0]",true,true,A,1000,1.0,mu_true
89,DR.ofal,1.0263605861386318,0.026360586138631792,"[-1.0, 1.0, 0.0, 0.0, -1.0]","[0.0, 0.0, 0.0]",true,false,A,1000,1.0,mu_true
89,DR.pfal,1.0457840897934647,0.04578408979346471,"[1.0, -1.0]","[0.0, 1.0, 2.5, 3.0]",false,true,A,1000,1.0,mu_true
89,DR.o&pfal,0.44271915719652233,-0.5572808428034777,"[1.0, -1.0]","[0.0, 0.0, 0.0]",false,false,A,1000,1.0,mu_true
90,IPW,1.0533958418420448,0.05339584184204482,"[-1.0, 1.0, 0.0, 0.0, -1.0]",,true,,A,1000,1.0,mu_true
90,IPW.fal,0.6644598327058454,-0.3355401672941546,"[1.0, -1.0]",,false,,A,1000,1.0,mu_true
90,OR,1.09585972371337,0.09585972371337004,,"[0.0, 1.0, 2.5, 3.0]",,true,A,1000,1.0,mu_true
90,OR.fal,0.7919258959066965,-0.2080741040933035,,"[0.0, 0.0, 0.0]",,false,A,1000,1.0,mu_true
90,DR,1.0901895785996334,0.09018957859963339,"[-1.0, 1.0, 0.0, 0.0, -1.0]","[0.0, 1.0, 2.5, 3.0]",true,true,A,1000,1.0,mu_true
90,DR.ofal,1.0316557448376271,0.03165574483762712,"[-1.0, 1.0, 0.0, 0.0, -1.0]","[0.0, 0.0, 0.0]",true,false,A,1000,1.0,mu_true
90,DR.pfal,1.0998639952440898,0.09986399524408984,"[1.0, -1.0]","[0.0, 1.0, 2.5, 3.0]",false,true,A,1000,1.0,mu_true
90,DR.o&pfal,0.7545604423539483,-0.24543955764605174,"[1.0, -1.0]","[0.0, 0.0, 0.0]",false,false,A,1000,1.0,mu_true
91,IPW,0.9393185009926717,-0.06068149900732833,"[-1.0, 1.0, 0.0, 0.0, -1.0]",,true,,A,1000,1.0,mu_true
91,IPW.fal,0.3989886144527424,-0.6010113855472576,"[1.0, -1.0]",,false,,A,1000,1.0,mu_true
91,OR,0.7204914930363007,-0.27950850696369933,,"[0.0, 1.0, 2.5, 3.0]",,true,A,1000,1.0,mu_true
91,OR.fal,0.61599918761985,-0.38400081238015005,,"[0.0, 0.0, 0.0]",,false,A,1000,1.0,mu_true
91,DR,0.7261961740539946,-0.2738038259460054,"[-1.0, 1.0, 0.0, 0.0, -1.0]","[0.0, 1.0, 2.5, 3.0]",true,true,A,1000,1.0,mu_true
91,DR.ofal,0.9139113686590294,-0.08608863134097056,"[-1.0, 1.0, 0.0, 0.0, -1.0]","[0.0, 0.0, 0.0]",true,false,A,1000,1.0,mu_true
91,DR.pfal,0.7126472582672339,-0.28735274173276615,"[1.0, -1.0]","[0.0, 1.0, 2.5, 3.0]",false,true,A,1000,1.0,mu_true
91,DR.o&pfal,0.5504550021895096,-0.4495449978104904,"[1.0, -1.0]","[0.0, 0.0, 0.0]",false,false,A,1000,1.0,mu_true
92,IPW,1.2283458354377683,0.22834583543776832,"[-1.0, 1.0, 0.0, 0.0, -1.0]",,true,,A,1000,1.0,mu_true
92,IPW.fal,0.6983163191096652,-0.3016836808903348,"[1.0, -1.0]",,false,,A,1000,1.0,mu_true
92,OR,1.023063954382024,0.02306395438202391,,"[0.0, 1.0, 2.5, 3.0]",,true,A,1000,1.0,mu_true
92,OR.fal,0.8094427944113659,-0.1905572055886341,,"[0.0, 0.0, 0.0]",,false,A,1000,1.0,mu_true
92,DR,1.0126152100461392,0.012615210046139191,"[-1.0, 1.0, 0.0, 0.0, -1.0]","[0.0, 1.0, 2.5, 3.0]",true,true,A,1000,1.0,mu_true
92,DR.ofal,1.194552134508499,0.19455213450849906,"[-1.0, 1.0, 0.0, 0.0, -1.0]","[0.0, 0.0, 0.0]",true,false,A,1000,1.0,mu_true
92,DR.pfal,1.030036555770687,0.03003655577068698,"[1.0, -1.0]","[0.0, 1.0, 2.5, 3.0]",false,true,A,1000,1.0,mu_true
92,DR.o&pfal,0.7635200878865503,-0.23647991211344965,"[1.0, -1.0]","[0.0, 0.0, 0.0]",false,false,A,1000,1.0,mu_true
93,IPW,1.046665064180373,0.04666506418037297,"[-1.0, 1.0, 0.0, 0.0, -1.0]",,true,,A,1000,1.0,mu_true
93,IPW.fal,0.5018529475879834,-0.4981470524120166,"[1.0, -1.0]",,false,,A,1000,1.0,mu_true
93,OR,0.9283428537623944,-0.07165714623760555,,"[0.0, 1.0, 2.5, 3.0]",,true,A,1000,1.0,mu_true
93,OR.fal,0.6221980771953788,-0.3778019228046212,,"[0.0, 0.0, 0.0]",,false,A,1000,1.0,mu_true
93,DR,0.9464660852621694,-0.053533914737830646,"[-1.0, 1.0, 0.0, 0.0, -1.0]","[0.0, 1.0, 2.5, 3.0]",true,true,A,1000,1.0,mu_true
93,DR.ofal,1.0455294930469567,0.04552949304695675,"[-1.0, 1.0, 0.0, 0.0, -1.0]","[0.0, 0.0, 0.0]",true,false,A,1000,1.0,mu_true
93,DR.pfal,0.9229879407889557,-0.07701205921104426,"[1.0, -1.0]","[0.0, 1.0, 2.5, 3.0]",false,true,A,1000,1.0,mu_true
93,DR.o&pfal,0.5903277520197759,-0.40967224798022406,"[1.0, -1.0]","[0.0, 0.0, 0.0]",false,false,A,1000,1.0,mu_true
94,IPW,0.8268083369816664,-0.17319166301833355,"[-1.0, 1.0, 0.0, 0.0, -1.0]",,true,,A,1000,1.0,mu_true
94,IPW.fal,0.595726044224068,-0.40427395577593195,"[1.0, -1.0]",,false,,A,1000,1.0,mu_true
94,OR,0.8702293893343274,-0.12977061066567264,,"[0.0, 1.0, 2.5, 3.0]",,true,A,1000,1.0,mu_true
94,OR.fal,0.7918122387948205,-0.20818776120517946,,"[0.0, 0.0, 0.0]",,false,A,1000,1.0,mu_true
94,DR,0.8548363630978233,-0.1451636369021767,"[-1.0, 1.0, 0.0, 0.0, -1.0]","[0.0, 1.0, 2.5, 3.0]",true,true,A,1000,1.0,mu_true
94,DR.ofal,0.8418674466608604,-0.15813255333913956,"[-1.0, 1.0, 0.0, 0.0, -1.0]","[0.0, 0.0, 0.0]",true,false,A,1000,1.0,mu_true
94,DR.pfal,0.8654398393817156,-0.13456016061828435,"[1.0, -1.0]","[0.0, 1.0, 2.5, 3.0]",false,true,A,1000,1.0,mu_true
94,DR.o&pfal,0.717932987374434,-0.282067012625566,"[1.0, -1.0]","[0.0, 0.0, 0.0]",false,false,A,1000,1.0,mu_true
95,IPW,0.9696268309773128,-0.030373169022687163,"[-1.0, 1.0, 0.0, 0.0, -1.0]",,true,,A,1000,1.0,mu_true
95,IPW.fal,0.56009533419786,-0.43990466580214005,"[1.0, -1.0]",,false,,A,1000,1.0,mu_true
95,OR,0.971436166064803,-0.028563833935197014,,"[0.0, 1.0, 2.5, 3.0]",,true,A,1000,1.0,mu_true
95,OR.fal,0.7424832644098783,-0.25751673559012167,,"[0.0, 0.0, 0.0]",,false,A,1000,1.0,mu_true
95,DR,0.9860452265596109,-0.01395477344038909,"[-1.0, 1.0, 0.0, 0.0, -1.0]","[0.0, 1.0, 2.5, 3.0]",true,true,A,1000,1.0,mu_true
95,DR.ofal,0.9920613881435771,-0.007938611856422861,"[-1.0, 1.0, 0.0, 0.0, -1.0]","[0.0, 0.0, 0.0]",true,false,A,1000,1.0,mu_true
95,DR.pfal,0.9720791423272347,-0.02792085767276531,"[1.0, -1.0]","[0.0, 1.0, 2.5, 3.0]",false,true,A,1000,1.0,mu_true
95,DR.o&pfal,0.6766215429628638,-0.3233784570371362,"[1.0, -1.0]","[0.0, 0.0, 0.0]",false,false,A,1000,1.0,mu_true
96,IPW,0.9248507859347879,-0.07514921406521213,"[-1.0, 1.0, 0.0, 0.0, -1.0]",,true,,A,1000,1.0,mu_true
96,IPW.fal,0.35728405124480667,-0.6427159487551933,"[1.0, -1.0]",,false,,A,1000,1.0,mu_true
96,OR,1.0108490937922603,0.01084909379226029,,"[0.0, 1.0, 2.5, 3.0]",,true,A,1000,1.0,mu_true
96,OR.fal,0.5970584112981195,-0.40294158870188046,,"[0.0, 0.0, 0.0]",,false,A,1000,1.0,mu_true
96,DR,1.0303273422684083,0.030327342268408275,"[-1.0, 1.0, 0.0, 0.0, -1.0]","[0.0, 1.0, 2.5, 3.0]",true,true,A,1000,1.0,mu_true
96,DR.ofal,1.0346132264711627,0.03461322647116272,"[-1.0, 1.0, 0.0, 0.0, -1.0]","[0.0, 0.0, 0.0]",true,false,A,1000,1.0,mu_true
96,DR.pfal,1.0059763857737984,0.005976385773798443,"[1.0, -1.0]","[0.0, 1.0, 2.5, 3.0]",false,true,A,1000,1.0,mu_true
96,DR.o&pfal,0.5178721880245617,-0.4821278119754383,"[1.0, -1.0]","[0.0, 0.0, 0.0]",false,false,A,1000,1.0,mu_true
97,IPW,0.9187550728092732,-0.08124492719072685,"[-1.0, 1.0, 0.0, 0.0, -1.0]",,true,,A,1000,1.0,mu_true
97,IPW.fal,0.15053381372720584,-0.8494661862727941,"[1.0, -1.0]",,false,,A,1000,1.0,mu_true
97,OR,0.9153759946165858,-0.08462400538341419,,"[0.0, 1.0, 2.5, 3.0]",,true,A,1000,1.0,mu_true
97,OR.fal,0.35527712812881634,-0.6447228718711837,,"[0.0, 0.0, 0.0]",,false,A,1000,1.0,mu_true
97,DR,0.9097542224850818,-0.09024577751491825,"[-1.0, 1.0, 0.0, 0.0, -1.0]","[0.0, 1.0, 2.5, 3.0]",true,true,A,1000,1.0,mu_true
97,DR.ofal,0.9192405252592342,-0.08075947474076584,"[-1.0, 1.0, 0.0, 0.0, -1.0]","[0.0, 0.0, 0.0]",true,false,A,1000,1.0,mu_true
97,DR.pfal,0.9243791215421311,-0.07562087845786891,"[1.0, -1.0]","[0.0, 1.0, 2.5, 3.0]",false,true,A,1000,1.0,mu_true
97,DR.o&pfal,0.262780982027085,-0.737219017972915,"[1.0, -1.0]","[0.0, 0.0, 0.0]",false,false,A,1000,1.0,mu_true
98,IPW,0.7682983840433781,-0.23170161595662186,"[-1.0, 1.0, 0.0, 0.0, -1.0]",,true,,A,1000,1.0,mu_true
98,IPW.fal,0.2766392305017839,-0.723360769498216,"[1.0, -1.0]",,false,,A,1000,1.0,mu_true
98,OR,0.8612113832668713,-0.1387886167331287,,"[0.0, 1.0, 2.5, 3.0]",,true,A,1000,1.0,mu_true
98,OR.fal,0.4006445294868253,-0.5993554705131747,,"[0.0, 0.0, 0.0]",,false,A,1000,1.0,mu_true
98,DR,0.8488166391734657,-0.15118336082653427,"[-1.0, 1.0, 0.0, 0.0, -1.0]","[0.0, 1.0, 2.5, 3.0]",true,true,A,1000,1.0,mu_true
98,DR.ofal,0.8033798621707781,-0.19662013782922194,"[-1.0, 1.0, 0.0, 0.0, -1.0]","[0.0, 0.0, 0.0]",true,false,A,1000,1.0,mu_true
98,DR.pfal,0.8563696056689352,-0.14363039433106484,"[1.0, -1.0]","[0.0, 1.0, 2.5, 3.0]",false,true,A,1000,1.0,mu_true
98,DR.o&pfal,0.29418848371736517,-0.7058115162826348,"[1.0, -1.0]","[0.0, 0.0, 0.0]",false,false,A,1000,1.0,mu_true
99,IPW,1.093671584544214,0.09367158454421398,"[-1.0, 1.0, 0.0, 0.0, -1.0]",,true,,A,1000,1.0,mu_true
99,IPW.fal,0.5147236459724466,-0.4852763540275534,"[1.0, -1.0]",,false,,A,1000,1.0,mu_true
99,OR,1.0922162077235924,0.0922162077235924,,"[0.0, 1.0, 2.5, 3.0]",,true,A,1000,1.0,mu_true
99,OR.fal,0.633863821926148,-0.366136178073852,,"[0.0, 0.0, 0.0]",,false,A,1000,1.0,mu_true
99,DR,1.0895052337256503,0.08950523372565033,"[-1.0, 1.0, 0.0, 0.0, -1.0]","[0.0, 1.0, 2.5, 3.0]",true,true,A,1000,1.0,mu_true
99,DR.ofal,1.0478177142232958,0.04781771422329584,"[-1.0, 1.0, 0.0, 0.0, -1.0]","[0.0, 0.0, 0.0]",true,false,A,1000,1.0,mu_true
99,DR.pfal,1.0878625806669016,0.08786258066690156,"[1.0, -1.0]","[0.0, 1.0, 2.5, 3.0]",false,true,A,1000,1.0,mu_true
99,DR.o&pfal,0.5807815361945623,-0.4192184638054377,"[1.0, -1.0]","[0.0, 0.0, 0.0]",false,false,A,1000,1.0,mu_true
100,IPW,1.3170201345337231,0.31702013453372313,"[-1.0, 1.0, 0.0, 0.0, -1.0]",,true,,A,1000,1.0,mu_true
100,IPW.fal,0.7512413720608827,-0.2487586279391173,"[1.0, -1.0]",,false,,A,1000,1.0,mu_true
100,OR,0.8793922112924729,-0.12060778870752709,,"[0.0, 1.0, 2.5, 3.0]",,true,A,1000,1.0,mu_true
100,OR.fal,0.9299567910383268,-0.07004320896167315,,"[0.0, 0.0, 0.0]",,false,A,1000,1.0,mu_true
100,DR,0.8426952805824635,-0.15730471941753654,"[-1.0, 1.0, 0.0, 0.0, -1.0]","[0.0, 1.0, 2.5, 3.0]",true,true,A,1000,1.0,mu_true
100,DR.ofal,1.3112549663763506,0.31125496637635064,"[-1.0, 1.0, 0.0, 0.0, -1.0]","[0.0, 0.0, 0.0]",true,false,A,1000,1.0,mu_true
100,DR.pfal,0.8949727061032482,-0.1050272938967518,"[1.0, -1.0]","[0.0, 1.0, 2.5, 3.0]",false,true,A,1000,1.0,mu_true
100,DR.o&pfal,0.9056251617489998,-0.09437483825100024,"[1.0, -1.0]","[0.0, 0.0, 0.0]",false,false,A,1000,1.0,mu_true
